EngineID,Cycle,pressure_ratio,temperature_ratio,compressor_efficiency,turbine_efficiency,combustor_efficiency,thermal_efficiency,propulsive_efficiency,overall_efficiency
1,1,1.9162903584373039,1.3207016254530564,0.7899431454563922,0.831493193998357,0.5333451272373987,0.30705631214460805,0.03979650826393298,0.01221976906375568
1,2,6.4211882385764705,2.8974158835017647,0.9042212370571917,0.9959541460528664,0.2260701712261448,0.3205636038055816,0.0625770002302194,0.02005990870914184
1,3,5.101250393724586,2.435437637803605,0.8917319601770458,0.9336480275685332,0.2577853285547291,0.3117145994368253,0.02809767033427477,0.008758454053356428
1,4,6.6728323411779416,2.9854913194122794,0.8523696136955426,1.0,0.190944774063222,0.30336966996488457,0.0047984120406421886,0.001455692677125149
1,5,5.661215810982571,2.6314255338439,0.9175454356264492,1.0,0.32748388830736774,0.3400833924634732,0.1596388415237926,0.05429051879435016
1,6,5.918875874787292,2.7216065561755522,0.8721622979554084,1.0,0.23442916002472466,0.3184278161123269,0.05494629814571017,0.017496429721995287
1,7,8.572390901359682,3.650336815475889,0.9031955730598505,1.0,0.23357703211998154,0.33687425819201045,0.20503110388796,0.06906970102854555
1,8,1.2327491785968168,1.0814622125088857,0.9773439225726362,0.0,0.7206726555009654,0.3128180745853277,0.039375850740360346,0.012317477813758772
1,9,4.877023889679631,2.3569583613878704,0.8379367285190705,0.9618849982872959,0.25603708794418495,0.31655660412200953,0.03110736444082876,0.009847241650574507
1,10,2.7217830255139477,1.6026240589298817,0.9332170904855587,1.0,0.5514111287395991,0.34227006008552036,0.14755278081532483,0.05050289915544685
1,11,8.260684495692532,3.541239573492386,0.8829209224849414,0.8429319861537683,0.2197817800160989,0.3400880257109471,0.07132982243929578,0.024258418487692515
1,12,5.351259622219602,2.5229408677768603,0.8748468269680211,0.9605593896792186,0.27781391623478313,0.32947838523506384,0.11643627191701854,0.03836323485401008
1,13,2.349850020695541,1.4724475072434393,0.8365666847477113,0.13789516570712537,0.5105023914993375,0.3291537739505133,0.06573135635441102,0.02163572401094044
1,14,7.799833761924506,3.379941816673577,0.8450519401681666,0.9819677773019735,0.18783326802824085,0.32768243234390626,0.09932721622386695,0.03254778381018583
1,15,6.354354270228048,2.8740239945798165,0.8236619811564092,1.0,0.25780136930207337,0.33595492803916244,0.06880909155164036,0.02311675340067148
1,16,4.193619302051161,2.1177667557179065,0.8452569628327167,1.0,0.35875696337280333,0.3370408181077493,0.16910645426915621,0.0569957776941771
1,17,1.4752160817010227,1.166325628595358,0.7633125078480382,0.823695207338996,0.656955904437632,0.3199177983274574,0.14126337348288617,0.045192667428954274
1,18,5.1905348537548,2.4666871988141796,0.802148016288446,1.0,0.24277434974099096,0.3161687066865256,0.0878335557386787,0.0277702217215769
1,19,6.117944284829963,2.7912804996904867,0.7546795213418411,1.0,0.20275422235400908,0.3226480254765936,0.04002094672341084,0.012912679438012456
1,20,1.2673658579979863,1.0935780502992951,0.775618838383271,0.6837468941636744,0.6505797493528545,0.3088197463928287,0.046831790619410535,0.014462581702208417
1,21,6.67088736049026,2.984810576171591,0.75714752588076,0.9833201550003915,0.2183495710975436,0.3335715237905593,0.05420714667063598,0.01808196051526239
1,22,0.9815112228578683,0.9935289280002539,,1.0,0.7726040120719265,0.31746038661007986,0.04136323738749402,0.01313118933247836
1,23,5.954476986778035,2.7340669453723123,0.7547848002286675,0.9743120134500698,0.2026531856370825,0.32000377036346633,0.04741506230492091,0.01517299870959336
1,24,3.221681885052757,1.777588659768465,0.7601270156858211,0.9832463821298172,0.30366586300548926,0.3050026808800305,0.02608090155046543,0.0079547448926601
1,25,3.4764941185409874,1.8667729414893457,0.6839336018179911,1.0,0.2729384117706336,0.30332759049321156,0.005034669868497553,0.001527154280140137
1,26,1.4260335977897063,1.1491117592263973,0.8859071164781208,1.0,0.6109689471545874,0.32631212639342055,0.061202280837307964,0.019971046400149257
1,27,8.063096341436028,3.4720837195026095,0.7495803679283765,0.849685372593027,0.1998000738900579,0.34344945788509573,0.07545978221842968,0.02591662129504706
1,28,3.0480964596421196,1.7168337608747417,0.7288055421735152,0.966920850394435,0.34904502475774823,0.32810052071644785,0.12185948533141937,0.03998216059147704
1,29,0.8525808732657362,0.9484033056430078,,,0.7587964029339986,0.30618103388917434,0.026238646450020973,0.008033775897919935
1,30,5.997304967076706,2.749056738476847,0.697791513447184,0.9777756508017068,0.1799848830748416,0.32051222551701064,0.04354668590441453,0.01395724521311414
2,1,1.7232567041169595,1.2531398464409358,1.0,1.0,0.5916166548512757,0.30396770668812156,0.01294405476309112,0.0039345746415822645
2,2,5.299866940690611,2.5049534292417137,0.9151842866840976,1.0,0.2676823000130204,0.3217763850044021,0.055708724287143005,0.01792575191432381
2,3,2.3728541195794595,1.4804989418528107,0.8597366932834359,1.0,0.48398557113121426,0.31455745295562726,0.05168411268830465,0.016257622845504728
2,4,3.6998788861177667,1.9449576101412183,0.8896131313101954,1.0,0.37795567187724655,0.3257573231010633,0.04562256102573361,0.014861883352757881
2,5,8.457066824109505,3.6099733884383265,0.8626481074767732,0.9079591201470026,0.21084792447251677,0.33875745243340527,0.10018751027509631,0.03393926574643724
2,6,3.2715969237441387,1.7950589233104486,0.8801470495008475,0.4660954228224526,0.411866077703817,0.32731152098813177,0.07116965682183662,0.023294648622558714
2,7,3.276279657542467,1.7966978801398632,0.874402017824347,1.0,0.37322858529623776,0.31847687332905567,0.03483895272761197,0.011095400734748635
2,8,3.525168946532805,1.8838091312864815,0.7755256373913836,1.0,0.36868359625066804,0.3234899178379867,0.04412269491157725,0.014273246951736677
2,9,1.9987762290911675,1.3495716801819087,0.8887543016917256,1.0,0.5634388810885449,0.3282513541307734,0.05828416347591032,0.019131855585346927
2,10,6.340571966278963,2.8692001881976372,0.8602715915744272,0.9458674734996486,0.23126380390862722,0.32557963887512414,0.044484103179083884,0.014483118248729892
2,11,2.1198234801209574,1.391938218042335,0.8834501744403267,1.0,0.5099184436965843,0.3156726844257082,0.0348516931321954,0.01100172752782114
2,12,4.074873082065293,2.0762055787228526,0.750556325456667,1.0,0.2686106413651503,0.3068467113523905,0.013453373517207408,0.004128123420350436
2,13,4.325466133475751,2.1639131467165127,0.8338087171100682,1.0,0.3747557923125569,0.34173893597396326,0.12584801769754816,0.043007167662392605
2,14,2.3670411568215997,1.47846440488756,0.939790117794947,1.0,0.49616448222942755,0.3296939819497021,0.066848570852327,0.02203957151195048
2,15,5.069053938027832,2.4241688783097413,0.8285513914060795,1.0,0.22819468890562966,0.3029730260960633,0.006253490836612877,0.0018946390424326059
2,16,2.156046977035045,1.4046164419622658,0.7308638021459344,1.0,0.45323801740200687,0.3100131884810866,0.02596256113186792,0.008048736357625503
2,17,1.429630242445897,1.150370584856064,1.0,,0.7543527607395164,0.34008279280335113,0.24193558879106317,0.0822781307145879
2,18,2.6034729196825563,1.5612155218888946,0.764346210386999,0.20886140577078524,0.38735324728205695,0.31966486042693537,0.038255677680001106,0.01222899586611538
2,19,8.692862951365369,3.692502032977879,0.7823885699616719,1.0,0.18789269754897409,0.33742564887251497,0.08187249464038303,0.027625879628842748
2,20,4.596137908040758,2.258648267814265,0.832263548908441,0.8002265696179925,0.3225942292800237,0.34115390560942194,0.1240632999866621,0.04232467933324312
2,21,4.723578581832077,2.303252503641227,0.753236952567615,0.9757042698838521,0.24685812278212255,0.3214972792289047,0.035217779623739,0.011322420329515248
2,22,6.819993293762783,3.036997652816974,0.7655047444569935,0.9743375224670072,0.2120527443324797,0.3365702149861894,0.0723021689023487,0.024334756531431277
2,23,2.9994148665636966,1.6997952032972936,0.7858059036040496,1.0,0.41440186931648265,0.33825348700362445,0.10461889143765048,0.035387704835238905
2,24,2.354680805843044,1.4741382820450655,0.8062125606290477,0.7516575352853103,0.42461439547433355,0.32676791527063825,0.13689434373204182,0.04473267931366147
2,25,4.784949330703611,2.324732265746264,0.6541077398866223,0.9858818697804417,0.18528713840343222,0.30110388484466827,0.006010068486607923,0.0018096549695001617
2,26,2.2678689389843334,1.4437541286445166,0.7257726258114514,1.0,0.3832659162931074,0.31294089163524463,0.04914628173809954,0.01537988122767781
2,27,2.0559646593885335,1.3695876307859867,0.6634654175609818,1.0,0.4320526854548164,0.3230069059798895,0.09704089170975659,0.031344878184697986
2,28,1.3896404476958868,1.1363741566935603,0.8863679010039972,0.0,0.5602830750989104,0.3260532767789744,0.06228568791561331,0.020308452641318284
2,29,3.9106236556111447,2.0187182794639007,0.6733399457045532,0.9673668679770544,0.21766070177866131,0.3099671185408693,0.04885385040477858,0.015143087239595898
2,30,5.7263770127781255,2.6542319544723445,0.7235600079951046,0.8681481284125643,0.22051892830898387,0.3392564167822714,0.06716820944559189,0.02278724605819262
3,1,3.226984814235514,1.77944468498243,0.9679158455599682,1.0,0.4443158916749825,0.32846197799893573,0.06257230905138512,0.020552624398978668
3,2,4.523877546179929,2.2333571411629753,0.8697244309574079,0.9892007347351808,0.28300824762917115,0.30303271377351554,0.007403396725508988,0.0022434714008729476
3,3,2.9783753575881615,1.6924313751558566,0.8413422181197113,0.9970409139879199,0.46565329487191326,0.33142024787555874,0.150283167389308,0.04980688458768854
3,4,3.9981956817564055,2.049368488614742,0.8804893931169555,1.0,0.3666855928512603,0.3293207660297398,0.06064008934637778,0.019970040675660994
3,5,1.706194559768406,1.2471680959189422,0.7681612937297425,1.0,0.5742069653337855,0.3052705253078995,0.013598782339636704,0.004151307428368683
3,6,3.3347531058642366,1.8171635870524827,0.8985980705823479,1.0,0.42483011446392005,0.327065574621482,0.06107116396672033,0.01997427533557813
3,7,1.4055345667511894,1.1419370983629162,0.9999546461324351,0.5675237690548613,0.6528826242477871,0.3014862012854759,0.005316547989248137,0.001602865857230356
3,8,5.868781346363851,2.704073471227348,0.8261341300534416,0.9642662096948996,0.2114047545300535,0.315347827253618,0.05619370673155715,0.017720563323123554
3,9,5.979046336525867,2.7426662177840533,0.822231918011303,0.878966080107646,0.2343242798785071,0.32506187008832726,0.07457445803273238,0.024241312788943467
3,10,6.722472192313912,3.0028652673098692,0.8402859659995874,0.9614712079939969,0.20772084208121097,0.3218373839284689,0.031950800106651966,0.010282961920746314
3,11,5.983781949810962,2.7443236824338366,0.8241748456336505,0.940858663844439,0.20663030303628935,0.3111384818070801,0.02317729369171725,0.00721134797163772
3,12,3.9182049006236954,2.0213717152182933,0.8144390678523572,0.8871348699736576,0.2919507682550746,0.30768622705308335,0.022125550113463063,0.00680772703588537
3,13,1.5578565362557688,1.195249787689519,0.8095369734341047,0.6719317134772939,0.586943582628274,0.30923101137705983,0.034333796439464076,0.010617074597389572
3,14,5.181910218030925,2.4636685763108237,0.8343579980517115,1.0,0.2612269093260828,0.3220689594760339,0.07959151892388333,0.025633957682932168
3,15,5.806092474168996,2.682132365959149,0.7663961776554449,1.0,0.1987362927531519,0.3013719876506951,0.0022214587851794158,0.000669485449573619
3,16,4.612796281390861,2.2644786984868013,0.8324321601775044,1.0,0.25627442753606744,0.3147632463405534,0.02590670311155503,0.008154477973373977
3,17,1.2870387707164177,1.100463569750746,0.6283479404473278,,0.6231813641699384,0.31030557421988675,0.030649318526736063,0.009510654384887048
3,18,5.783207737323571,2.67412270806325,0.7801903012888682,0.8629105592217511,0.22495841010869946,0.3274093579667474,0.04640135816974316,0.015192238887140698
3,19,2.9364124347995144,1.6777443521798299,0.7901330806669277,0.8846577334597882,0.4148723644295213,0.33220112397532214,0.09311142051002945,0.030931718548370644
3,20,6.279464116396422,2.847812440738748,0.7844548951708595,0.983941952199451,0.2610929064007916,0.3428990319127827,0.07744719085662456,0.026556566769101078
3,21,1.6880028101354754,1.2408009835474163,0.8136393360796819,1.0,0.5961031902199071,0.32985382633763877,0.0843714724091883,0.02783025300791128
3,22,2.405899903737222,1.4920649663080277,0.8322155339191553,0.7482688876842192,0.5386627710133529,0.34402515717395,0.1126230107624766,0.03874514897896448
3,23,4.602494489605394,2.2608730713618876,0.6789259772363145,1.0,0.21971266633416048,0.3030442166025814,0.008518242628136635,0.0025814041640743806
3,24,4.128278669860933,2.0948975344513263,0.7530948470100939,0.9796880463576982,0.24494151640539086,0.30789183822177324,0.02284439917532786,0.0070336040551636555
3,25,4.375399665340196,2.1813898828690688,0.6677315639069917,1.0,0.21314276874497656,0.3040222782297908,0.014022156388468343,0.004263047930916561
3,26,4.714054038899955,2.2999189136149845,0.7240857229903125,0.7760584927308223,0.28951053176436103,0.3414686175830094,0.07288796656399554,0.024888953181044168
3,27,5.575587588491177,2.6014556559719115,0.6933350219853879,0.9979286183978957,0.2091649127612561,0.328800457633684,0.09976139520408327,0.03280159239727738
3,28,1.3423062963326107,1.1198072037164137,0.6862315459738345,1.0,0.5668847612103185,0.31965119953318727,0.05451794805627667,0.017426727492276833
3,29,5.769019913844838,2.669156969845693,0.6454548798577955,0.9808661232184144,0.17452754476809196,0.3230285790756977,0.04003166139723004,0.012931370699186678
3,30,1.056734687050207,1.0198571404675725,,,0.764468688295116,0.33461609038049,0.12249298842521418,0.04098812488586778
4,1,4.100302386140502,2.0851058351491756,0.8896888924580535,0.8097735822245969,0.3286821870081735,0.31784373152516066,0.03462841902965686,0.01100642592120302
4,2,2.213490175934187,1.4247215615769653,0.9224265873229034,1.0,0.5574830603683645,0.32334428671498944,0.05995546679424553,0.019386257645249556
4,3,1.4730862323495302,1.1655801813223357,0.7438298471884011,1.0,0.661165432352632,0.3009389567615724,0.0021789223336258923,0.0006557226139458669
4,4,5.54984419876609,2.5924454695681316,0.9153663082445485,0.8651873966388897,0.28406914871293176,0.32722991407837676,0.04653564852492945,0.015227856268394206
4,5,8.543199398915302,3.6401197896203557,0.8501157131053023,0.9534832422006472,0.2054035073970098,0.3367694905588511,0.061144656060093144,0.020591654671753733
4,6,3.9464825477282126,2.0312688917048742,0.8430591643018984,1.0,0.31169846977314564,0.3096897859876615,0.016431180184382443,0.005088568674826104
4,7,5.2522326918951,2.488281442163285,0.8229605259750409,0.8989802002553793,0.23514640473983414,0.31105334268399626,0.017769161249835855,0.005527157003452379
4,8,5.358619452252889,2.5255168082885113,0.8503022043374645,1.0,0.23843113406039274,0.3015923441805938,0.0043790379571118625,0.001320684322741165
4,9,4.567037168266403,2.248463008893241,0.8157078081021147,1.0,0.26022249016944277,0.3001466742781146,0.00034959502788047637,0.00010492978496248973
4,10,1.2509173264261786,1.0878210642491626,1.0,0.3851190761306819,0.6785912623351011,0.3034841857505145,0.013454881987163986,0.0040833439042437265
4,11,7.415172639989648,3.2453104239963766,0.8396761433377761,1.0,0.24858081398031034,0.34211231161409156,0.09422190082238384,0.03223447229501941
4,12,3.966351381772224,2.0382229836202783,0.8873891006916742,1.0,0.42686629926930925,0.3422178183898521,0.12606053086772262,0.043140159858618646
4,13,7.991428506626511,3.4469999773192788,0.8351945865500356,0.9979572403312185,0.19203136358458953,0.32953287601493686,0.11738011649457313,0.03868060737542501
4,14,5.807651272948396,2.6826779455319385,0.8218350685297678,0.9958695027032595,0.19346057512743564,0.3028318565176094,0.009523957012282001,0.002884157583423263
4,15,6.867995520931309,3.053798432325958,0.8219415142282337,0.9554811356337446,0.26080629019254903,0.34356303665381605,0.11951888152750231,0.04106226987505637
4,16,2.055659501404516,1.3694808254915807,0.7736946271001497,1.0,0.5095367881519699,0.32190991303964056,0.04703686087134206,0.015141631792751395
4,17,5.294627395862571,2.5031195885519,0.7379537316337184,0.8796599991647447,0.21956257019617118,0.31484092846040046,0.032299772293351126,0.010169290297898186
4,18,3.1560631021457515,1.7546220857510129,0.8687299410690675,0.3808446655752585,0.45955338952224783,0.34325645731684906,0.11467785870062956,0.0393639155102603
4,19,3.5651156123051173,1.8977904643067909,0.7707230722423345,0.9135042382088424,0.41550818211776736,0.34069414971470025,0.0748811286280273,0.02551156244760286
4,20,1.8790067277007694,1.3076523546952692,0.8241311380674063,0.9776151267904213,0.5227583540589443,0.3194861136008925,0.12426472392541699,0.039700853704619316
4,21,4.605094911566182,2.2617832190481635,0.7814118210125667,0.9935443650234604,0.30400897303512725,0.3369694328171243,0.10653028611595236,0.03589745009033844
4,22,3.2127134338169006,1.774449701835915,0.7445410261762255,1.0,0.35326711503894687,0.3279384051943059,0.05522516307415928,0.018110451905135265
4,23,5.413611042720474,2.5447638649521656,0.7501909470392509,0.8781830944818126,0.23145730060370223,0.3288316512068755,0.06630421084510683,0.021802923134165302
4,24,3.485380863859392,1.8698833023507875,0.7460487817490574,0.8822403920179788,0.3042842380495034,0.3202027394969993,0.04037135228960042,0.012927017600328508
4,25,6.976029924539732,3.091610473588906,0.7628620485737235,0.9602221621276249,0.22027396542354608,0.3435015175122236,0.13525937803316887,0.04646180161215303
4,26,5.117998409675925,2.4412994433865736,0.7003388150840367,0.9486012122075078,0.19065596502038099,0.30218495721930505,0.0032173770644678035,0.0009722429505845764
4,27,2.5681741827321654,1.548860963956258,0.7071214803483252,0.8698976374084166,0.35984163644742584,0.319502267029753,0.05519113656456383,0.017633693252326835
4,28,6.570761627973671,2.9497665697907847,0.7013539877701042,0.9596519938619256,0.18364945216434161,0.329598841196737,0.05719429735609707,0.01885117413163119
4,29,1.7836164761990634,1.274265766669672,0.6678317656158919,0.963760741789441,0.44511503683625053,0.3125832432205581,0.03517490569682609,0.010995086102691183
4,30,4.543058151936911,2.240070353177919,0.6848386513943135,0.9793301092637047,0.28479444343492955,0.33904226588679137,0.08291577498620929,0.028111952229083737
5,1,3.4984879388154138,1.874470778585395,0.8864039422674378,1.0,0.3521314976517384,0.3054415418834119,0.010914487831102002,0.0033337379919995314
5,2,3.4956682275224114,1.873483879632844,0.8052877587710222,0.9599932424998378,0.3329940692901754,0.300525518283805,0.001627249784075682,0.0004890300847365541
5,3,6.2492113798316415,2.837223982941074,0.803570577221946,0.902808671253399,0.21843145199047098,0.3200192515092283,0.030730455358652053,0.009834337322413582
5,4,6.129100335067203,2.7951851172735207,0.9325486943863103,0.9599916708035757,0.25531162069223595,0.32895829178368924,0.08147819849786597,0.026802928995470345
5,5,1.313573153128388,1.1097506035949358,0.6869031539915439,1.0,0.7067165107035195,0.3172580247566533,0.11175981871346839,0.03545669933219664
5,6,4.917266076577069,2.371043126801974,0.839804446849553,0.8767931657491578,0.2866010618366757,0.3250699725499698,0.049684485687729506,0.016150934398669596
5,7,3.697166795932673,1.9440083785764353,0.9161974238990624,0.7192248777374757,0.35393830152745437,0.322099345387348,0.03812365960498614,0.01227960580253612
5,8,5.602870560858474,2.611004696300465,0.8289397955456607,1.0,0.2168197342727818,0.3059050238394077,0.01851953305195382,0.0056652181997526325
5,9,4.249059065461858,2.13717067291165,0.8227831344278284,1.0,0.3074998049234113,0.3229686400909486,0.051479601091688414,0.01662629675700712
5,10,2.2248083993836714,1.4286829397842848,0.8298155777434488,0.3650659278099252,0.5490438440668491,0.33108113232506375,0.10972616534731601,0.03632826306887656
5,11,6.490902480175064,2.9218158680612722,0.8287483997539342,1.0,0.26987647765365225,0.3380618915074305,0.15581117349958112,0.05267382003126082
5,12,6.8189486968987225,3.036632043914553,0.8093223643252903,1.0,0.2423129410579693,0.33562635210332814,0.16990484708639791,0.057024544032281514
5,13,6.8592894865602965,3.050751320296104,0.8277864404059125,1.0,0.2725616062792421,0.34412794906203215,0.11616923335390035,0.039977080018186346
5,14,4.372850300444973,2.1804976051557405,0.7718591803594499,0.8658750566998211,0.29014505393196516,0.32497317145115223,0.09024377848908283,0.02932680689933252
5,15,2.491560864089528,1.5220463024313349,0.7335061873471789,0.7824552736101629,0.40879792267424175,0.31615673006273215,0.035915385942993906,0.01135489097867797
5,16,8.10010836054978,3.485037926192423,0.823594643716954,1.0,0.2244658155426397,0.34370221066010176,0.06848211527986367,0.023537454412369076
5,17,1.2298020889201866,1.0804307311220653,0.729853985639738,1.0,0.6715740159250377,0.31661496231144304,0.04476383934781299,0.014172901308023301
5,18,3.3072754673914084,1.807546413586993,0.7936502637795803,1.0,0.3850508672913953,0.33311035153883845,0.07586442903909908,0.02527122662650756
5,19,4.557274052596541,2.245045918408789,0.7789936515784397,1.0,0.2597610683518471,0.3238872162991418,0.14168119003857557,0.04588872624354394
5,20,2.885635230197351,1.6599723305690728,0.7676521939257702,0.9963207668021293,0.34814800710682,0.31555845442166086,0.09942836315603722,0.03137546060319472
5,21,5.68845577719207,2.6409595220172246,0.7552273390132853,1.0,0.19161291315868878,0.30260367214247325,0.003717579470075001,0.001124953199126165
5,22,4.5510670329729805,2.242873461540543,0.739417087275428,1.0,0.24087828887511498,0.31744677804902416,0.049970656813325603,0.01586302400238373
5,23,2.169761563374405,1.4094165471810418,0.698478953876538,1.0,0.41159791335630386,0.30339826735113135,0.00709916805051605,0.0021538752861610783
5,24,3.748472830366699,1.9619654906283446,0.6854255958774476,1.0,0.2579012575106837,0.303279114302543,0.0051782618744655095,0.0015704586749145258
5,25,0.991281399562377,0.9969484898468319,,,0.7385049620856559,0.32242701523589234,0.16932287391053463,0.05459426884613703
5,26,2.1710416573162905,1.4098645800607017,0.7248394136933661,0.9852170056338402,0.38191848635530035,0.3052898701833003,0.015371745397172322,0.004692838156793482
5,27,5.147328121946036,2.4515648426811127,0.6522016673969041,1.0,0.18141269398817422,0.30862308683950496,0.03464769999170718,0.01069308012332976
5,28,4.11432833237831,2.090014916332408,0.7390246195661087,1.0,0.32346591742737274,0.33946796824187314,0.07603169387500025,0.025810324641734404
5,29,4.084025808178871,2.0794090328626047,0.7101709562309052,0.9671174629811801,0.23158149195782513,0.3149801869903458,0.02560534080893401,0.008065175035949567
5,30,6.657082235701186,2.979978782495415,0.66662276923723,1.0,0.17516773138320527,0.3329551709941603,0.1153498395951783,0.03840632556656155
6,1,5.9352713264061014,2.7273449642421355,0.8608416502156662,0.9122137048473514,0.2253480896327686,0.3074728717749232,0.013404501538919669,0.004121520582883008
6,2,7.38493212296218,3.234726243036763,0.8915843097046765,1.0,0.20855335047153997,0.32082102347402097,0.03363316304111564,0.010790225789519336
6,3,5.7968849420370905,2.6789097297129816,0.8502515382582134,0.9223556708717083,0.22370757244281805,0.3073339636900877,0.012472812500605612,0.0038333189041743973
6,4,6.07489724538614,2.7762140358851486,0.9417554633932415,0.9734556679881903,0.2896062677596001,0.3358448563659421,0.09648119672520489,0.032402713656190636
6,5,2.8437082388372446,1.6452978835930354,0.7956885644224055,0.845090102242348,0.40787116686639574,0.3130154830655871,0.038699321522845824,0.012113486820784057
6,6,2.6940545082190726,1.5929190778766753,0.8911801570133958,0.4815844604664942,0.48688592644437517,0.3284897253255255,0.08382780335451132,0.02753657209856559
6,7,3.525882697558905,1.8840589441456168,0.8384259534648221,0.9017163351109815,0.3489027782840663,0.31548056170956623,0.04995710744382965,0.01576049631776453
6,8,1.0903821891151935,1.0316337661903177,1.0,1.0,0.7845257183372201,0.3119640054689058,0.02809714801277482,0.00876529883631794
6,9,4.28791078073647,2.1507687732577647,0.9112192434814298,1.0,0.34770682755136373,0.33068372876874974,0.17212660761387455,0.056919468426071505
6,10,2.6928908253963337,1.5925117888887168,0.8198819730049948,1.0,0.43040217947669096,0.31966584928156594,0.05239736473503743,0.016749648098141712
6,11,5.749808201407762,2.662432870492717,0.8801990361496631,1.0,0.23693478631504486,0.32067704454251594,0.04292621156917128,0.013765450659408601
6,12,6.517927617083984,2.9312746659793945,0.8413059675240125,1.0,0.27501675249809626,0.34114838293589,0.09450760963642521,0.032241118202602795
6,13,5.6531797100561985,2.6286128985196693,0.8087893802332239,1.0,0.21684492249180687,0.30287963161100306,0.00660338370792608,0.0020000304248427507
6,14,4.886161357795448,2.3601564752284068,0.81353652783932,0.8589671837091193,0.246540168827166,0.30839454328624777,0.014672308071393352,0.00452485974663248
6,15,9.764951944702469,4.067733180645864,0.8460695074635778,0.9887450100374945,0.1880375190201288,0.3406641864916241,0.10800155372051294,0.03679226143802998
6,16,2.1816759226072793,1.4135865729125476,0.8192829617515042,0.5882450496182933,0.5075493884824746,0.32734840123528963,0.07013809127391527,0.02295959204421098
6,17,2.742895762815431,1.6100135169854008,0.8483137956987988,0.9975652878095809,0.4484119099953821,0.3272716410831194,0.1484526819842594,0.04858435285617901
6,18,4.760474999107183,2.316166249687514,0.8103427753018426,0.933276634593789,0.2770737831511338,0.32845013363531544,0.1097730222563987,0.03605496382966661
6,19,3.3813967480979374,1.8334888618342782,0.7555853378439126,0.8743917133101802,0.3018331535912158,0.3031225523130903,0.006643212055513806,0.002013707393824436
6,20,5.063317380717076,2.4221610832509763,0.812268904242383,0.9195593997543493,0.3120296593759644,0.3396243853339743,0.17828348068455405,0.06054941754269315
6,21,2.998780909735698,1.6995733184074941,0.7955542266251658,1.0,0.35869279433875073,0.3155994773995113,0.08120235447186362,0.025627420634930027
6,22,6.003772958784531,2.751320535574586,0.8025470653638963,1.0,0.2171582841347855,0.3264523548857103,0.04488667039185134,0.014653359252398558
6,23,6.848747952646781,3.0470617834263733,0.8188143086507959,0.8940621353078381,0.19482578154519303,0.3294945400160761,0.0574573603415062,0.018931886516262517
6,24,4.410065790662345,2.1935230267318206,0.7304329898090097,1.0,0.22833976097579134,0.3034815733614634,0.008832195068335985,0.0026804084555739627
6,25,2.62232600233646,1.567814100817761,0.8045378829517432,0.7019982197122434,0.407909040673267,0.3268724459978016,0.06776147283040515,0.022149358368488106
6,26,8.20153951550293,3.520538830426025,0.7877092140081936,0.9572556093137093,0.1938198972641842,0.34047023697560064,0.1140949899610206,0.03884594826975746
6,27,2.492124053352669,1.5222434186734342,0.7569465739653861,0.8958791780940507,0.4260789026358499,0.32964104504820335,0.20046078796880018,0.0660801036372216
6,28,2.147609669290578,1.4016633842517026,0.7963481383832278,1.0,0.44229674082313386,0.3173314575067993,0.0437454131344001,0.013881795709176265
6,29,2.7347541232885395,1.6071639431509888,0.7747376368541055,1.0,0.4051409925410836,0.32943467038297014,0.12314771784722751,0.040569127837416404
6,30,3.7050286052900367,1.946760011851513,0.7427083265482005,1.0,0.28385729654315195,0.3239782830630208,0.060155481806807985,0.019489069712598436
7,1,9.367981104292134,3.9287933865022464,0.9102459363629181,1.0,0.21121797574716217,0.33902825668248737,0.12519657968088674,0.04244517815182115
7,2,3.854940809307723,1.999229283257703,0.8698573532079218,0.851988281412644,0.3191331635365452,0.3102975752988027,0.032307733963124315,0.010025011512156252
7,3,2.813855752403098,1.6348495133410843,0.9474774609948932,1.0,0.5541870204506502,0.33888044896887576,0.20691751793175464,0.07012030137623841
7,4,6.055957561446758,2.769585146506365,0.8585755740070063,0.9955464633557615,0.21593575853055552,0.31363074722825873,0.05603205270992831,0.017573374560147997
7,5,5.16638648865648,2.4582352710297677,0.8640532774358797,0.5792615045405118,0.31097153060152616,0.33354671279269726,0.08057256251374993,0.026874713367745395
7,6,4.362383260063046,2.176834141022066,0.8494465164290033,0.9368447680339169,0.28962471543289464,0.3103629950521623,0.02562557427396089,0.007953229981598142
7,7,6.033779107097031,2.761822687483961,0.8809357911808341,1.0,0.22824323431039528,0.31678346852498035,0.041354274035636775,0.013100350367341555
7,8,2.5173031202969858,1.5310560921039449,0.8945768736778048,1.0,0.5429670211889226,0.33371778099792904,0.09957762037140185,0.0332308225073984
7,9,8.315394399040647,3.5603880396642262,0.8435460799172022,1.0,0.1867090883905554,0.32681191466400084,0.04314647611196424,0.014100782469155608
7,10,2.8116505423680698,1.6340776898288243,0.9430219486201376,0.9445523641490801,0.5277909312889796,0.3377061903718773,0.2365567366838788,0.07988667435231603
7,11,5.414475295469665,2.5450663534143825,0.8915425231743427,0.6151119635557445,0.27894565391624754,0.3304573564543482,0.05404858597199021,0.017860752840399452
7,12,9.525043440924572,3.9837652043236,0.8872149835241169,0.996802815374285,0.20435419545156291,0.3424132063447936,0.06941747283817663,0.023769459450872683
7,13,1.4939106341032338,1.1728687219361318,0.8938998114888446,1.0,0.6228424276732845,0.30278553043767664,0.012543604448957987,0.0037980219266781448
7,14,1.7156644721174374,1.2504825652411031,0.7893551052782687,1.0,0.6671744641018876,0.33387682881408076,0.2336011339138811,0.07799400579854003
7,15,5.17763636988171,2.462172729458598,0.8734712805008009,0.980666131640807,0.23617819604607904,0.305345177499766,0.010114828913636388,0.003088514230014068
7,16,5.77158280056347,2.6700539801972143,0.8468020280022488,0.6922904440106891,0.27738015141770034,0.33710287884830475,0.07048378326380038,0.023760286250347068
7,17,4.071379011651659,2.0749826540780805,0.80190782868937,0.9679959616962942,0.2799049110358412,0.30778106795239035,0.02306197896442699,0.0070980405147669
7,18,5.174892681768367,2.4612124386189285,0.8305069103343297,0.8665890270238218,0.30462773771326457,0.3368355628296051,0.09874524338235528,0.03326090963144198
7,19,2.9010975689350484,1.665384149127267,0.8229772596649787,1.0,0.39843284401678153,0.32086276286328635,0.041472325658032515,0.013306924993002274
7,20,7.1601878944384545,3.156065763053459,0.7415130586386394,1.0,0.18901517475616778,0.32748890929481633,0.052175851844501235,0.017087012812083642
7,21,1.618754496542186,1.2165640737897652,0.9111821939387551,0.0,0.6332702813908683,0.32956541902179776,0.10092330757934617,0.033260832151453
7,22,5.038159635024494,2.4133558722585726,0.7835711014783923,1.0,0.2792280007684162,0.3337728164687339,0.07080807986141927,0.023633812244088948
7,23,2.9744782629506843,1.6910673920327395,0.8748049876069653,0.775911120696675,0.3907849448172467,0.32312439250086206,0.05772078430786586,0.01865099336415245
7,24,2.9235188915325843,1.6732316120364046,0.8053034007424318,0.7857602920575664,0.48920057586901466,0.3420166365729429,0.11611219685272689,0.0397123030326651
7,25,5.213541656183411,2.4747395796641936,0.7585728601962375,0.9118910318729198,0.20770589650143662,0.30106414300423584,0.0016134445121996194,0.00048575028935026577
7,26,3.4807161245302556,1.8682506435855895,0.7522930601301333,0.7600612889884462,0.33126540813475003,0.32652098500556387,0.05214828751099788,0.01702751020444437
7,27,7.976224885873154,3.4416787100556037,0.7976987628780303,0.973213513493139,0.18014489488191585,0.3366665596700773,0.16209612675624382,0.054572345330869375
7,28,2.2641378649993076,1.442448252749758,0.953210088947457,0.7621610126588128,0.5157026387518455,0.333977098356637,0.1508574694970043,0.05038293992803437
7,29,2.265324833646045,1.4428636917761157,0.7906309985808122,0.6901067562430343,0.4310851753871256,0.31859872314535836,0.047153411504623315,0.015023016697320639
7,30,3.4706919437462247,1.8647421803111786,0.7591624011983554,1.0,0.3917709880888735,0.3393188427281233,0.10905541986454569,0.03700455886166723
8,1,8.072949457152351,3.475532310003323,0.9261020154102415,0.984681255130801,0.2520534712327734,0.34380228685639336,0.07999215804118899,0.02750148686513881
8,2,3.0564373341922537,1.719753066967289,0.9259437664527171,1.0,0.4950407891432658,0.3334524678124821,0.1755150411048122,0.05852592359460886
8,3,8.286163656797035,3.550157279878962,0.8537344074212053,1.0,0.1848343733345707,0.3300121889084301,0.1339756201720508,0.04421358767334291
8,4,8.741853229537691,3.7096486303381915,0.873068543276821,0.9725493050806316,0.22502246091397501,0.3405418819118191,0.07232169750593244,0.024628566971727547
8,5,1.5439057247532109,1.1903670036636238,0.772770661771544,0.40021668791609405,0.6165565483530039,0.3060755075031444,0.014966012760827943,0.004580729951068948
8,6,4.247692335626947,2.1366923174694312,0.9231358223704179,1.0,0.2923043991032013,0.30385630932472363,0.009599172779776639,0.0029167692134332776
8,7,6.379028630430827,2.882660020650789,0.8721552503673865,0.9330379683876585,0.24463327661438256,0.33012090542384886,0.08192594604033168,0.02704546748453968
8,8,3.702743436547012,1.9459602027914542,0.8797028238964659,1.0,0.3207245336838062,0.31283102398532875,0.029840881084581685,0.009335153386314117
8,9,5.483085458380006,2.569079910433002,0.8700660753507032,1.0,0.2556199251317568,0.3222426032441003,0.06899315904178169,0.02223253517565797
8,10,1.3221509291208604,1.1127528251923011,0.7603260994200577,0.4793609397364859,0.6619985217147725,0.3142971820665267,0.04009851371410116,0.01260284986539797
8,11,2.866692083261788,1.6533422291416258,0.754280089325227,1.0,0.37983725863334666,0.3027779791481362,0.007139029338451089,0.0021615408761754763
8,12,4.994673808476868,2.398135832966904,0.8187292888914541,1.0,0.2696713059592945,0.3213737287653654,0.04740645883239336,0.015235190442528045
8,13,4.066796193411961,2.073378667694186,0.7825005062518104,0.8019545247041342,0.2768434630515447,0.30355329197455794,0.005946802676246968,0.0018051715290978785
8,14,2.5147200517566763,1.5301520181148367,0.9164920756646792,0.314985214180813,0.5430759213491763,0.3418035361018081,0.09911269779026913,0.033877070577303846
8,15,4.572268152734453,2.2502938534570585,0.8168487618860886,0.977930493407868,0.3454978807613368,0.3405924684070367,0.14357103718645095,0.04889921394709179
8,16,6.135831626187044,2.797541069165465,0.7760737526879029,0.9456274701570097,0.2759167930231329,0.3428324718270148,0.09541084107459377,0.03270993448469746
8,17,1.9505967152750792,1.3327088503462776,0.7004495825342528,1.0,0.47989332613927566,0.30827739023833506,0.02782085550301816,0.00857654072866826
8,18,1.384818398013838,1.1346864393048433,0.7443089165020245,0.9981420495869021,0.5791479521488356,0.3021766225584122,0.013275715573967487,0.004011610894187608
8,19,7.337657944830063,3.2181802806905218,0.7920469952591536,0.9854597489393983,0.1889171910833477,0.3304699332554013,0.09677364028182056,0.03198077844481546
8,20,2.2084538679850305,1.4229588537947606,0.7774896398975462,0.9014101467819937,0.42745307643894664,0.3176442677257245,0.09056154855005279,0.028766356773289165
8,21,3.235544711776818,1.7824406491218863,0.7865183713224421,1.0,0.3313767965783957,0.3179220222118528,0.034030750651615045,0.010819125064548782
8,22,6.723626910067132,3.0032694185234963,0.7542327344881583,1.0,0.1838867683580825,0.3235729955307666,0.08411945811058111,0.02721878504326557
8,23,2.2307405537312057,1.430759193805922,0.7721729159295191,1.0,0.45887078279840815,0.325642335709477,0.06077877074052215,0.019792140865494454
8,24,4.137165803459891,2.098008031210962,0.759116868436652,1.0,0.2604252611021556,0.31885643230417665,0.04487006857991628,0.01430710998463584
8,25,4.841885618027737,2.344659966309708,0.6887223569396186,1.0,0.1917887235610481,0.30101999273754726,0.0020190022780147824,0.0006077600510651012
8,26,3.4919286085867576,1.8721750130053652,0.7202248411108979,0.6339856540881561,0.30425448098644586,0.32628849470321225,0.060372284778253286,0.01969878192208992
8,27,7.145664423033261,3.1509825480616414,0.7502613896198173,1.0,0.22397394776572582,0.34481169776043713,0.1243544085467264,0.04287885473499174
8,28,6.358655310109586,2.875529358538355,0.6821919184599027,1.0,0.17808027253801334,0.3291588298434528,0.07178019226786558,0.023627084092828692
8,29,2.6724147210993174,1.585345152384761,0.6599744057766661,1.0,0.31407062950741793,0.3104169693027028,0.03317777040643455,0.010298942937786314
8,30,1.9049175665610816,1.3167211482963785,0.7280128722354803,1.0,0.4011896107585843,0.30491083079857706,0.01698710016220731,0.005179550823317274
9,1,8.676623101864829,3.68681808565269,0.9299242804844235,1.0,0.22127591888739984,0.3361693227684544,0.1291588626518931,0.04341924738723073
9,2,5.305166221519296,2.5068081775317532,0.8517625958829813,1.0,0.24800011114369735,0.302426236767548,0.005283553053385758,0.0015978850666971424
9,3,5.979558105702566,2.742845336995898,0.8760306829137097,1.0,0.22029445209336734,0.30477642422681717,0.007833689285052847,0.002387523808802339
9,4,1.0742970361460726,1.0260039626511255,0.4714965421811912,,0.7824287276173465,0.3062733725612843,0.020826231219465103,0.006378520073326685
9,5,3.7510405695370155,1.9628641993379552,0.7995354948071476,0.6390809659117113,0.3325153117032796,0.31863627121263677,0.03585342896033885,0.011424202914109536
9,6,1.3748692178574193,1.1312042262500968,0.8420183983320345,1.0,0.6812338810067028,0.3154940358855803,0.06646910994752903,0.020970607759068303
9,7,2.1397964291687974,1.398928750209079,0.8786556627338198,1.0,0.6093177898335234,0.33226893159908044,0.19812055079371824,0.06582930374005011
9,8,3.255771803644892,1.789520131275712,0.8607441045220203,1.0,0.43157259039802137,0.3338600884679347,0.08185314900134529,0.027327499566968175
9,9,9.357839150969198,3.9252437028392193,0.8481742486108279,1.0,0.20227628625701066,0.33935423565957784,0.08443644482781948,0.028653865196356793
9,10,6.379068737261406,2.8826740580414922,0.8963336362896475,0.9479384294197345,0.18805068662470642,0.30350740344336086,0.008744720906274856,0.002654087536100355
9,11,4.046230411074762,2.0661806438761667,0.8527275843275884,1.0,0.3026502148356816,0.31405468371067574,0.02765105082261098,0.008683942020362911
9,12,2.1686939060317303,1.4090428671111055,0.9289414721220245,0.0,0.5798970818122163,0.33426106317869586,0.078765070819577,0.02632809631349708
9,13,6.6909837641241605,2.991844317443456,0.8001491151291974,1.0,0.2102663505243946,0.32679576602856664,0.06758688965480894,0.022087109378231492
9,14,5.885904153659672,2.710066453780885,0.8282520962199373,1.0,0.20355658977275884,0.304972194558625,0.012041383604261185,0.0036722871833137797
9,15,3.278590752603261,1.7975067634111412,0.8773341021819275,0.7623006566902477,0.46556182738361884,0.3434889262177922,0.10766784349899831,0.03698271195165623
9,16,7.069032807678809,3.124161482687583,0.8413301695207421,0.9497340640924672,0.1821943143557631,0.3266598496663617,0.11786675247525737,0.038502335644229835
9,17,7.387525868764429,3.23563405406755,0.8391846418602297,1.0,0.2125951215425539,0.33426029481457015,0.08730480874065151,0.029182531108379834
9,18,5.436486067561287,2.55277012364645,0.7696922918757154,0.8332899338456317,0.2137984819328213,0.32031520625135373,0.049418852552492544,0.015829609948056888
9,19,3.4119651475481905,1.8441878016418665,0.7839689251730083,1.0,0.3166167468910674,0.3112804040096602,0.04472782755508616,0.013922896231821634
9,20,2.6498071341732863,1.5774324969606501,0.8208115272518448,1.0,0.37142868787915323,0.3054125855494345,0.010500976768787461,0.003207130465749925
9,21,4.917987219553313,2.3712955268436593,0.7907093561351002,1.0,0.24696288228504518,0.3238645926964307,0.07765333885696969,0.025149166960430406
9,22,4.8181289473604485,2.3363451315761568,0.7653460120345383,1.0,0.2618953843589524,0.32520873853532256,0.0914821024809259,0.029750779146381016
9,23,5.0641575391989555,2.4224551387196342,0.7458636754066044,1.0,0.21373454271627212,0.3088533006937491,0.027799482084298804,0.00858596179931243
9,24,2.867864206742776,1.6537524723599715,0.7963896117226882,1.0,0.35580278270553406,0.32133573349039846,0.04523933065660417,0.01453701349915457
9,25,1.6497561290030154,1.2274146451510553,0.8261020368837629,0.8754628739426433,0.6190372198095918,0.33455685158896065,0.10515167327188045,0.03517921274915139
9,26,7.872520110209451,3.4053820385733076,0.7534279548213557,0.9644282810421066,0.17109333806083343,0.3346720774759994,0.05689890322735559,0.019042474149204944
9,27,2.448587226076157,1.5070055291266549,0.7580689425843647,1.0,0.41776257907025444,0.3247290569082891,0.08088339206022525,0.02626518762326035
9,28,5.6442473499263315,2.625486572474216,0.7362648728242809,1.0,0.19110987114898875,0.31836273272961263,0.03292138949236352,0.010480943524044805
9,29,3.2375873927579772,1.783155587465292,0.7180339347183126,1.0,0.28932654530991286,0.3146511218370423,0.06345841595971746,0.01996726177172677
9,30,5.290699450263978,2.501744807592393,0.7223546696257341,1.0,0.19901357205244694,0.3174952099840771,0.060798966660675406,0.01930338068674604
10,1,9.174080884761253,3.860928309666438,0.9243458962676648,1.0,0.19603339395864403,0.33251448429992264,0.07120216329771238,0.023675750609977713
10,2,3.6357523484094916,1.9225133219433221,0.8517754481435665,0.9511796501982194,0.34173008843996155,0.3159824508834776,0.08153759603984041,0.02576444943581571
10,3,7.0993915136932895,3.1347870297926512,0.9225361339710868,0.9733076293270494,0.19562816507237943,0.3165716053031375,0.03658191796765881,0.01158079649608944
10,4,1.5856030792398739,1.2049610777339559,0.914133481249494,0.0,0.6551563286360049,0.32160171982591285,0.060912551916545515,0.01958958145534624
10,5,2.773481738490189,1.6207186084715661,0.8494021678907946,0.9331866847655564,0.4085287601470687,0.30580354121863873,0.012717627465274398,0.003889095514780331
10,6,1.2360051397718723,1.0826017989201553,1.0,0.0,0.7009548797067658,0.3083084695383774,0.06319431521378926,0.019483342607089168
10,7,4.501202422666602,2.225420847933311,0.9141981525967019,0.5837014117109488,0.37805979853622756,0.34034189217280997,0.08827815263392738,0.030044753504950974
10,8,6.8321128323673195,3.041239491328562,0.8823768941607861,1.0,0.19826713705886342,0.3135180380418421,0.020257492502813244,0.006351089305129334
10,9,4.045734721964177,2.0660071526874617,0.8119468296279527,0.9631345308185144,0.28883437765017245,0.31022718491457185,0.01937042857884777,0.006009233528604715
10,10,5.8283835793750445,2.6899342527812653,0.8293713706325522,0.915057407064382,0.2163709703587311,0.31527435750412547,0.04164571614501298,0.013129826400418152
10,11,1.578438915365516,1.2024536203779306,1.0,1.0,0.6280720200481502,0.3167179530626436,0.05168130662222845,0.016368397644995043
10,12,3.895712827133943,2.01349948949688,0.8068138133944229,1.0,0.3133702973198353,0.31413485006162933,0.04066487505183201,0.012774254427182139
10,13,2.815141201378246,1.635299420482386,0.9227319603787663,0.09601393552350407,0.47023636485095244,0.3332464626629513,0.07102947744532778,0.023670322103453368
10,14,6.862374229529,3.0518309803351498,0.8055060613647296,0.974684539457978,0.19664654268870374,0.31765566439421306,0.025556309236308992,0.008118106389923697
10,15,1.2564965247349686,1.089773783657239,1.0,,0.7688621409134767,0.3314004807995749,0.12101487979383894,0.04010438934758099
10,16,5.303101203723131,2.5060854213030956,0.8275966070107333,0.9320782399949599,0.2700195495928609,0.3337772360700237,0.10701021971796412,0.03571757536870802
10,17,2.4034315558659847,1.4912010445530945,0.8311922839505481,0.7656314415353279,0.43845249587966084,0.3145784361200442,0.04054559928222233,0.012754771213751489
10,18,4.125446604616118,2.0939063116156413,0.7012208082467815,0.9664177148138893,0.2465782991920083,0.3015427351054739,0.006158343094525049,0.0018570036204409914
10,19,1.482864565096672,1.1690025977838352,0.7235473605057079,1.0,0.5769321453858132,0.303380693282654,0.02076023025101708,0.006298253046261087
10,20,3.6862438481517836,1.940185346853124,0.8121783913805167,0.85807153999466,0.4236639785585638,0.34510688548581314,0.15917713201209163,0.05493312426925707
10,21,3.124003207440291,1.7434011226041017,0.8081203405168774,1.0,0.3441209890686952,0.302487118196624,0.006177659987165231,0.0018686625667162038
10,22,1.335879539114907,1.1175578386902174,1.0,0.956138803215238,0.7072924137150776,0.32916897757668057,0.09187358537996454,0.030241934165826795
10,23,7.580125673628607,3.3030439857700125,0.7591405091110259,0.9986509377900084,0.21254203528364668,0.3408443431237258,0.0773754176193655,0.026372973392396595
10,24,3.998530430999682,2.0494856508498884,0.7373869156264711,0.9570975473022559,0.271709143130423,0.31587812476382615,0.04762559993254714,0.015043885197445196
10,25,5.757825472576474,2.665238915401766,0.7071008046888951,0.9223629552154871,0.2328353583275826,0.33529881998146743,0.06026662778381738,0.020207329180176287
10,26,2.246055842384324,1.4361195448345134,0.8535758599383488,0.039376900092466784,0.5221864192344461,0.3409362395840987,0.10693956737894181,0.036459573964926766
10,27,5.19949084207462,2.4698217947261165,0.722437917702374,0.9695964650298659,0.19567113308118886,0.3119717288041774,0.04152900397997077,0.012955875167147045
10,28,2.058388191152564,1.3704358669033974,0.7076176309518125,0.8327348776238239,0.46798052439224186,0.32910983554353535,0.15498513680424442,0.05100713288533721
10,29,2.5318210830643983,1.5361373790725392,0.7603976686672695,0.552821426148624,0.5045217732500832,0.3444808397845697,0.1053202479412836,0.036280807457132476
10,30,1.9778990778145948,1.3422646772351081,0.6833894086661788,0.6429580397450358,0.42185571013339396,0.303040514519526,0.006362075204860784,0.0019279665434929307
