EngineID,Cycle,overall_pressure_ratio,compressor_temperature_ratio,turbine_expansion_ratio,brayton_thermal_efficiency,compressor_work_j_kg,turbine_work_j_kg,net_work_j_kg,heat_added_j_kg,heat_rejected_j_kg,tsfc_kg_per_n_s,thrust_n,specific_thrust_n_s_per_kg,fuel_air_ratio,mass_flow_rate_kg_s
1,1,1.9162903584373039,1.2596025155431863,1.265672862386308,0.17017353247123668,62564.37022479436,54050.26558754161,-8514.104637252749,691275.0017137581,699789.1063510109,1.4214644944395925e-05,21227.13610946445,2122.713610946445,0.0301736202982403,10.0
1,2,6.4211882385764705,1.7793588312076156,2.2980880741983376,0.4133909264909682,203475.32679865247,214273.28856986202,10797.96177120955,548727.0669988092,537929.1052275997,1.4188615943517494e-05,39800.42238362171,3980.0422383621712,0.056471290759098555,10.0
1,3,5.101250393724586,1.6679188017778317,1.641027168204057,0.3732782945527494,145888.22613712033,147506.84213865775,1618.616001537419,828899.6202164894,827281.004214952,1.566520832105698e-05,47814.86380566101,4781.486380566101,0.0749029802358647,10.0
1,4,6.6728323411779416,1.8487133250632553,1.551588084034337,0.4197575285272702,193844.44652420937,215836.41636295762,21991.96983874825,1295477.225248058,1273485.2554093099,1.8766895150790887e-05,84197.57388853369,8419.75738885337,0.15801270411170804,10.0
1,5,5.661215810982571,1.7020187850887898,1.805156563948798,0.3917771180905091,170533.764360966,168062.23047291147,-2471.533888054517,578733.0901176657,581204.6240057203,1.5744795514120144e-05,26132.28852114377,2613.2288521143773,0.04114475390813978,10.0
1,6,5.918875874787292,1.7628784709479017,2.204755766102864,0.39952700992944057,207044.23084114934,231015.3685896544,23971.137748505047,618689.4204490551,594718.28270055,1.4720020020675332e-05,41695.6636159,4169.566361589999,0.061376100320139196,10.0
1,7,8.572390901359682,1.943321403727353,4.497965625810918,0.4600442799016222,240500.29771530294,262581.02268230834,22080.7249670054,212968.2695081074,190887.54454110202,1.1573450211265928e-05,18331.69268269888,1833.1692682698879,0.021216093255144338,10.0
1,8,1.2327491785968168,1.0632912588099814,1.0290198287902048,0.058253896797921256,16912.982332705793,-66958.97677544423,-83871.95910815003,4002222.456203284,4086094.415311435,3.1634581067739554e-05,40833.41760973232,4083.3417609732323,0.1291748059647941,10.0
1,9,4.877023889679631,1.6865329243147702,1.3927266611391633,0.36518865445089144,158626.07011110903,163565.5743635218,4939.504252412764,1486605.3195020144,1481665.8152496018,2.1469146576231967e-05,62977.01032021104,6297.701032021104,0.1352062665497484,10.0
1,10,2.7217830255139477,1.35650148830702,1.0785129111224079,0.24963979802939995,93352.95843443084,113732.02219938936,20379.063764958526,1977935.1916478688,1957556.1278829104,2.6511417442205288e-05,31480.25459087171,3148.025459087171,0.08345861706454993,10.0
1,11,8.260684495692532,1.9424816356665717,1.526960024643377,0.4541892153146223,206678.72952860553,165910.90110088544,-40767.82842772009,1296043.0684370962,1336810.896864816,2.2208474157900377e-05,61851.203305542025,6185.120330554202,0.13736208502461725,10.0
1,12,5.351259622219602,1.706058721551748,2.142961727561555,0.3818358264141315,158604.68144387432,155637.51370215748,-2967.1677417168394,442035.13550249086,445002.3032442077,1.3845038124749887e-05,26767.53778290408,2676.7537782904083,0.03705975811099901,10.0
1,13,2.349850020695541,1.3319278732763236,1.070438908508928,0.21733129099220072,95142.5866378056,12067.477155556593,-83075.109482249,4144502.587047997,4227577.696530246,3.3528377614266456e-05,56261.27598894188,5626.127598894188,0.1886349306417706,10.0
1,14,7.799833761924506,1.949650430738768,3.813913072016377,0.44521619155664094,270265.4582711867,289711.3133327871,19445.855061600392,370452.1505379884,351006.29547638807,1.3586567911556276e-05,33739.20339489765,3373.9203394897654,0.0458399978206587,10.0
1,15,6.354354270228048,1.8493409199161672,1.4339953981618037,0.41161581864859476,209952.5315170861,214527.66892267877,4575.137405592657,1607230.0791281895,1602654.9417225968,2.3550082746850357e-05,61613.94545118576,6161.394545118576,0.1451013513735349,10.0
1,16,4.193619302051161,1.601704308704206,1.6851110194141559,0.33713146244726644,173577.47954606294,170642.64384535697,-2934.8357007059676,674097.3146173424,677032.1503180484,1.7701261317991306e-05,24665.57575731505,2466.557575731505,0.0436611802038945,10.0
1,17,1.4752160817010227,1.1545630173811754,1.1444826619119912,0.10552952343970468,41336.269152239234,31007.00331223958,-10329.265839999654,682639.1523148313,692968.4181548309,1.5218315300865768e-05,15880.286211804105,1588.0286211804105,0.02416712026392261,10.0
1,18,5.1905348537548,1.7527235551647904,4.24159723458549,0.3764791887822079,203322.64556830455,245906.56090929138,42583.91534098683,235582.16537556957,192998.25003458274,1.0213797909571603e-05,22094.70072993463,2209.470072993463,0.02256708081280165,10.0
1,19,6.117944284829963,1.9025519980400492,1.6833944502672418,0.40516466134937346,218254.35865354564,234174.03727079768,15919.678617252037,1222188.254621782,1206268.5760045303,2.0806227834124143e-05,67450.58943078473,6745.058943078473,0.1403392331242873,10.0
1,20,1.2673658579979863,1.090643363224099,1.0660495287678857,0.06568662184240548,19959.149550355487,16173.58726500303,-3785.5622853524565,1061432.7340094475,1065218.2962948,1.7881227354383042e-05,21253.830055406583,2125.3830055406584,0.03800445673721446,10.0
1,21,6.67088736049026,1.955524554955351,1.5403154587884826,0.41977624864409946,261724.16939442878,273847.48169491027,12123.312300481484,1854049.970068906,1841926.6577684244,2.53522853313837e-05,77870.45582531953,7787.045582531953,0.19741940149684106,10.0
1,22,0.9815112228578683,0.9538661068033014,1.0088689296462605,-0.005365711849417032,-10298.169419454885,31576.238955202658,41874.40837465754,6041610.946727161,5999736.538352503,3.79576530805854e-05,47988.030090582,4798.8030090582,0.18215129981990047,10.0
1,23,5.954476986778035,1.8852341886045165,2.315617766173019,0.4005375895696559,217075.1742279058,248701.2709050548,31626.096677148977,730350.9976860471,698724.9010088983,1.6613228656360514e-05,50496.11403732675,5049.611403732675,0.08389034887597652,10.0
1,24,3.221681885052757,1.5243884293048606,2.4851355229061434,0.2850002112515426,115867.55499831837,141062.58527421503,25195.030275896657,287622.4143508721,262427.38407497545,9.975228639205826e-06,22118.03630366932,2211.803630366932,0.02206324691793564,10.0
1,25,3.4764941185409874,1.6278751226301384,1.2136789742742864,0.3004179484218452,132143.3853160691,205951.21957146475,73807.83425539566,2319723.33841582,2245915.504160424,2.5904764883254368e-05,76436.24026769928,7643.624026769928,0.19800628326946895,10.0
1,26,1.4260335977897063,1.12095894148749,1.0109830372389628,0.0967868629433013,31847.791902833727,67710.9320367693,35863.14013393557,5207199.073268717,5171335.933134781,3.7902658115218806e-05,52311.98397680416,5231.198397680416,0.19827632440016124,10.0
1,27,8.063096341436028,2.0936296985024216,1.7244837587665178,0.45047799813014877,283618.73913750326,247745.6023244373,-35873.13681306597,1472058.7439174147,1507931.880730481,2.4941756222401987e-05,68726.46658425753,6872.646658425753,0.17141587755716076,10.0
1,28,3.0480964596421196,1.5167832711825053,1.6047055214031989,0.27359078159008476,122437.17942559459,119283.4867675904,-3153.692658004191,613224.9745128286,616378.6671708327,1.6397178110943646e-05,24947.42869797411,2494.742869797411,0.040906743177074836,10.0
1,29,0.8525808732657362,0.9391613652341583,0.9830874656323105,-0.04680919900952207,-16751.80575793714,-36144.23984843987,-19392.43409050273,2653054.0668599852,2672446.500950488,2.6794901043033806e-05,30342.20798086236,3034.220798086236,0.08130164602743575,10.0
1,30,5.997304967076706,1.9625423785957894,2.462220453464639,0.40179004868463786,258925.46750736822,305769.11905680253,46843.65154943432,845101.5596315523,798257.9080821179,1.8453568978870486e-05,59176.20473376656,5917.620473376655,0.10920121759623233,10.0
2,1,1.7232567041169595,1.1666320491472946,1.0839674205006409,0.14452640997313482,46857.42456139248,96114.60003003437,49257.17546864189,2625014.8596600303,2575757.6841913885,2.564963646702285e-05,40219.06886674275,4021.9068866742755,0.10316044954741084,10.0
2,2,5.299866940690611,1.6702530714155084,1.6151361102790174,0.38019285238530554,175565.56884696617,208135.61523966436,32570.04639269819,1005247.7403653065,972677.6939726083,1.8327222638923173e-05,47673.24512057466,4767.324512057467,0.08737181772447296,10.0
2,3,2.3728541195794595,1.3271400002992642,1.1840713544198136,0.2195147914181238,94299.55919117588,118662.66795951744,24363.108768341554,1630367.9597082399,1606004.8509398985,2.157028513432975e-05,36285.81779637992,3628.5817796379915,0.07826954362002517,10.0
2,4,3.6998788861177667,1.5118167792179913,1.1358844389868032,0.3128653925794167,121368.11568553568,150820.14120049094,29452.025514955254,3179600.2138865218,3150148.188371567,2.9355158513759907e-05,66722.76506788425,6672.276506788425,0.19586573450441044,10.0
2,5,8.457066824109505,1.9789118958102558,2.1250751388515225,0.45783486729753275,208933.28458683603,181220.71372069677,-27712.570866139256,604436.0080280825,632148.5788942219,1.6407528498721393e-05,40702.91411973637,4070.291411973637,0.0667834223400584,10.0
2,6,3.2715969237441387,1.460049831887476,1.1883775517316242,0.28821139376881666,128307.13395287542,58686.04999988858,-69621.08395298684,2199707.110120851,2269328.194073838,2.597408257478628e-05,47795.19557803912,4779.519557803912,0.12414363566220481,10.0
2,7,3.276279657542467,1.4637220202157903,1.1308321045037593,0.288499034519893,117164.45608799119,124571.25466440762,7406.798576416433,3011673.3119909405,3004266.513414524,2.8838811140127204e-05,65117.738065049525,6511.7738065049525,0.18779181499302355,10.0
2,8,3.525168946532805,1.561245358701525,1.14244090417194,0.3032622065975542,130392.53818918606,183517.0663718112,53124.528182625145,2806968.481198699,2753843.953016074,2.8259858791726106e-05,62728.82319868666,6272.882319868666,0.1772707685766038,10.0
2,9,1.9987762290911675,1.2471751399022732,1.0195740890779155,0.18011145111101323,54110.24430066514,45745.744898431985,-8364.499402233152,4679608.381987531,4687972.881389764,3.57749622472255e-05,54078.39305270381,5407.839305270381,0.19346524698511006,10.0
2,10,6.340571966278963,1.8119646703883152,1.5203533051628708,0.41124873095323566,232570.15728058876,245829.18502157475,13259.027740986,1776449.1660842798,1763190.1383432937,2.395656347244949e-05,74505.14441007048,7450.514441007048,0.1784887221083869,10.0
2,11,2.1198234801209574,1.2722215091413305,1.064533785788718,0.19386962987849643,73938.99482174375,102212.95288428052,28273.958062536767,3978615.968571902,3950342.010509365,3.1782740943411174e-05,57092.49289463286,5709.249289463286,0.1814555911483659,10.0
2,12,4.074873082065293,1.6610442977085675,1.3911043259579197,0.33161825644529874,153053.8725041304,187275.51969623746,34221.64719210705,1506773.1739034138,1472551.526711307,2.1260070932479396e-05,61440.29316348112,6144.029316348112,0.13062249907679374,10.0
2,13,4.325466133475751,1.6260906276349403,1.3200602451781747,0.3429869673095034,154395.574337699,134152.30782629264,-20243.26651140637,1323864.884156565,1344108.1506679712,2.2519406273951858e-05,36513.71197744283,3651.3711977442827,0.08222671145900971,10.0
2,14,2.3670411568215997,1.298313486005232,1.0660805216377793,0.21896482503840253,88380.40833151319,88313.91434507661,-66.49398643657332,4120368.877373328,4120435.371359764,3.423176786611549e-05,56364.63131337097,5636.463131337097,0.1929460974978499,10.0
2,15,5.069053938027832,1.7155671892994395,1.7738411235375902,0.37220796962807623,177557.91283983656,226854.8241281703,49296.91128833374,992220.9082500917,942923.996961758,1.7067014755449966e-05,59304.241272739375,5930.424127273937,0.10121463608626077,10.0
2,16,2.156046977035045,1.337303395935153,1.137609229831297,0.19776841148722457,95862.04655714206,122748.28986481155,26886.243307669487,2738918.361745302,2712032.118437633,2.7539149318967688e-05,50986.47644290716,5098.647644290716,0.14041241880092487,10.0
2,17,1.429630242445897,1.0772170406101707,0.9761921169880584,0.09743978950617904,20773.59735776405,-25500.638379052532,-46274.23573681658,1159846.4321207402,1206120.6678575566,2.178700632436318e-05,16414.736148002805,1641.4736148002805,0.035762796026929,10.0
2,18,2.6034729196825563,1.4131543945875964,1.1385369477599347,0.24000203437311884,101634.13372833855,26902.738192827415,-74731.39553551114,3178529.5886993073,3253260.9842348183,3.074626325835829e-05,62124.05441445534,6212.405441445534,0.19100825317034195,10.0
2,19,8.692862951365369,2.098484380127826,2.4078117954255203,0.4622041437209522,306832.9974004672,336610.9077971804,29777.91039671318,910689.6571476382,880911.7467509251,2.0089021050228133e-05,56086.68493023512,5608.6684930235115,0.11267265942010063,10.0
2,20,4.596137908040758,1.6594149572442958,1.5086776465056542,0.3543417746668548,182884.23677137587,150054.65200570654,-32829.58476566934,1225077.0413770468,1257906.6261427163,2.285386406456121e-05,38633.68964656268,3863.368964656268,0.08829290914949892,10.0
2,21,4.723578581832077,1.7447289787114437,1.4038427593896847,0.35936752104572667,181375.3527795875,219207.87054584513,37832.51776625763,1998442.721129484,1960610.2033632263,2.5519145114994908e-05,73845.79501462489,7384.579501462489,0.188448155911038,10.0
2,22,6.819993293762783,1.9594219395464945,1.8263085895197555,0.4234457115899122,257420.26142770392,286993.49836267857,29573.236934974644,1330759.598291332,1301186.3613563573,2.3636991029718503e-05,61744.58528926909,6174.458528926909,0.14594562086161425,10.0
2,23,2.9994148665636966,1.4712195122295362,1.1654097274910833,0.2702259121217825,111050.68759298114,115627.22414852826,4576.536555547122,1944048.2589102518,1939471.7223547047,2.717811931463805e-05,40192.22724587639,4019.2227245876393,0.10923491476094749,10.0
2,24,2.354680805843044,1.3453611661269824,1.4283986389409096,0.21779333074053298,100337.85437423119,83998.71304438432,-16339.141329846869,758692.8460594245,775031.9873892714,1.815055052893069e-05,22874.60237328964,2287.460237328964,0.04151866262055915,10.0
2,25,4.784949330703611,1.8665243086850807,6.750361716961065,0.3617565509952093,233906.8046081708,288148.8124848736,54242.00787670279,189168.95150496624,134926.94362826346,9.862528817579578e-06,24072.96893907843,2407.296893907843,0.02374203498863591,10.0
2,26,2.2678689389843334,1.3647787949026977,1.3728291813157916,0.2093276964126799,96940.95532399714,122972.75279420405,26031.797470206904,1020035.4754075061,994003.6779372992,1.9093137562650136e-05,32428.727966895716,3242.8727966895717,0.06191661640536996,10.0
2,27,2.0559646593885335,1.346112336757762,1.2904592100251326,0.18674959140176395,83120.15236983767,117741.31943785171,34621.16706801404,955388.4475389305,920767.2804709165,1.9306969432468597e-05,26663.70907473972,2666.370907473972,0.05147954160622353,10.0
2,28,1.3896404476958868,1.111658441681892,1.003246490120209,0.09005743312752124,27195.041942843927,-95252.21229948319,-122447.25424232712,4368734.583008656,4491181.837250983,3.706786449294772e-05,48969.63316333624,4896.963316333624,0.1815199726367907,10.0
2,29,3.9106236556111447,1.7108955649626127,4.109296235850476,0.32371858688257105,206572.00725677624,263098.7592233051,56526.75196652886,318942.43261780124,262415.6806512724,1.3026704192660649e-05,26142.81673785632,2614.281673785632,0.03405547404069919,10.0
2,30,5.7263770127781255,1.897538609331831,1.5716515319833402,0.3937273981739753,202523.03336613593,216020.60798143968,13497.574615303747,1618124.622461783,1604627.047846479,2.625208672535337e-05,65104.45664400553,6510.445664400553,0.17091278420254413,10.0
3,1,3.226984814235514,1.4124633759072318,1.1174543391202938,0.28532112925588093,87799.65299887878,108910.92279866434,21111.269799785558,2559169.139651388,2538057.8698516022,2.6995022937107195e-05,49707.43804703181,4970.743804703181,0.13418534302244584,10.0
3,2,4.523877546179929,1.6228234039127518,1.5216717186847604,0.35135895155423824,146136.6817742115,152622.9308697199,6486.249095508392,979409.9653272467,972923.7162317382,1.6178154675029068e-05,49810.86200076903,4981.086200076903,0.08058478299449692,10.0
3,3,2.9783753575881615,1.4367945662382016,1.362933419126981,0.2687352100732513,98911.75371928602,86930.58857766287,-11981.165141623147,700768.0294841422,712749.1946257653,1.63609959384765e-05,21422.37946473437,2142.237946473437,0.03504914634150214,10.0
3,4,3.9981956817564055,1.5543335901168094,1.15835973664777,0.3279953072196733,159742.5129051646,147419.2270160388,-12323.285889125778,2790909.777215954,2803233.06310508,2.87050798258054e-05,61610.40287051698,6161.040287051697,0.176853153249822,10.0
3,5,1.706194559768406,1.2155869842428073,1.049043020544273,0.14207685690062555,53852.52326044562,78845.63390844491,24993.110647999296,3558097.548164171,3533104.437516172,2.967890812523118e-05,48590.58234496414,4859.058234496414,0.14421154291676708,10.0
3,6,3.3347531058642366,1.4591903081275874,1.161506793623335,0.292099309716347,115587.6760269853,163807.18841382494,48219.51238683965,2637935.9477615347,2589716.4353746953,2.7334971541074376e-05,52866.92154316316,5286.692154316316,0.14451157958465768,10.0
3,7,1.4055345667511894,1.1025743849992808,1.0602611341386645,0.09302788730531097,27141.40473170619,26889.365561127728,-252.03917057846047,2554916.331678691,2555168.3708492694,2.5265033776154846e-05,36033.701846834985,3603.3701846834983,0.09103926942401792,10.0
3,8,5.868781346363851,1.8002513820395778,2.9603160741721806,0.39799471292098376,180827.17954460406,187248.60858517984,6421.429040575778,319258.5235205194,312837.0944799436,1.1320845421258257e-05,31068.267989055814,3106.826798905581,0.0351719059410327,10.0
3,9,5.979046336525867,1.8150407770932508,2.127091272963261,0.4012522956988839,203013.76681366685,182521.29132654864,-20492.47548711821,614698.0068813158,635190.482368434,1.5486969013982455e-05,39422.93102044657,3942.293102044657,0.06105417111540238,10.0
3,10,6.722472192313912,1.8653464629919554,1.4838925190559622,0.42100763394923457,202745.92561342468,210035.73260792712,7289.806994502433,1604257.7295364954,1596967.922541993,2.22363554568e-05,80877.8312978211,8087.78312978211,0.17984282053134543,10.0
3,11,5.983781949810962,1.8135829514580735,1.9846351450801547,0.4013892331545327,201697.47830458157,224691.83071835863,22994.35241377706,888440.5181506089,865446.1657368318,1.679376774477802e-05,59586.37042127939,5958.637042127939,0.10006796656092769,10.0
3,12,3.9182049006236954,1.5887418972380398,1.626412022793111,0.32409342093253324,168299.3122409077,170122.16020019082,1822.8479592831281,1018557.845453555,1016734.9974942718,1.7697902976326263e-05,45813.64400326468,4581.364400326468,0.08108054265617298,10.0
3,13,1.5578565362557688,1.167450999525022,1.0782989461115482,0.11937549836400252,36987.82303686375,28640.109217786172,-8347.71381907758,1735241.205118002,1743588.9189370796,2.2263428243479818e-05,30930.691792926475,3093.0691792926473,0.06886232372530086,10.0
3,14,5.181910218030925,1.722699878216306,2.3972998191237083,0.37616595502411554,180425.9174360746,221013.98779615192,40588.07036007731,505764.9837336151,465176.9133735377,1.3968639596007363e-05,32260.277139997983,3226.0277139997984,0.0450632184635947,10.0
3,15,5.806092474168996,1.8561165606506445,1.7309949941792033,0.3961806468488491,207144.78632571176,260440.9567771612,53296.170451449434,1234015.8027492631,1180719.6322978137,1.8716362487754262e-05,77227.77363119667,7722.777363119667,0.1445423005403707,10.0
3,16,4.612796281390861,1.6612038125812627,1.4337810412199443,0.3550082043768328,172639.68143708678,251875.35592278818,79235.6744857014,1803109.4249734369,1723873.7504877355,2.2946116409793602e-05,71345.71840612302,7134.571840612302,0.16371071598872527,10.0
3,17,1.2870387707164177,1.1194633228418012,0.9985490137605115,0.06982328090247913,30387.391051506784,37394.30828712111,7006.917235614324,3483922.7900934736,3476915.872857859,3.0906616098891026e-05,42084.57066968111,4208.457066968111,0.13006916693744833,10.0
3,18,5.783207737323571,1.838593635517317,1.5762969441511319,0.39550106058559054,207196.48980569144,216101.23877798454,8904.748972293106,1592324.34366927,1583419.5946969772,2.3210792108383862e-05,70982.77707521574,7098.277707521574,0.16475664819685884,10.0
3,19,2.9364124347995144,1.4581377979811039,1.2375941118159177,0.26578012683948626,109562.75489858756,106790.36407586592,-2772.3908227216452,1686684.6477720754,1689457.038594797,2.424550159065306e-05,39037.65782560847,3903.7657825608467,0.09464875949061599,10.0
3,20,6.279464116396422,1.8843663887297892,1.398648382834553,0.4095925422372977,213032.4051831365,209976.59173658167,-3055.813446554821,1872250.483524437,1875306.2969709919,2.6343332083871955e-05,63374.71598682437,6337.471598682437,0.16695011889619832,10.0
3,21,1.6880028101354754,1.1991423906643073,1.0041618453993364,0.13943708081402628,51292.14665571842,107661.55430374424,56369.40764802582,3404391.672261899,3348022.264613873,3.202586019825545e-05,41496.05476257819,4149.605476257819,0.13289468486054815,10.0
3,22,2.405899903737222,1.3440823562569957,1.052812735644919,0.2226070121239514,87018.54256381241,40358.47276911154,-46660.069794700874,3340934.628576779,3387594.6983714793,3.281745657180635e-05,43985.98994817633,4398.598994817633,0.14435083148921873,10.0
3,23,4.602494489605394,1.8092003027340857,2.6064511432023796,0.3545835021312238,202170.97501467934,266129.7855926102,63958.81057793085,578672.4267758153,514713.61619788443,1.370507586592958e-05,44729.83893490284,4472.983893490284,0.061302583607365416,10.0
3,24,4.128278669860933,1.666107879658629,2.231708175477419,0.3340624957095468,144909.25743162865,190532.20141162456,45622.94397999591,583403.4637332355,537780.5197532396,1.4008907740113405e-05,39607.56928653032,3960.756928653032,0.055485878394515256,10.0
3,25,4.375399665340196,1.7892853689281845,3.042415841904599,0.34513434157398026,187745.8958630618,225063.95874981667,37318.062886754866,392620.19989520236,355302.13700844743,1.2212440020110605e-05,35116.435296859185,3511.6435296859186,0.04288573597829877,10.0
3,26,4.714054038899955,1.7734843199656471,1.282307586259396,0.3590026914843688,191721.54527458348,156235.31822408442,-35486.22705049906,2484971.8988315375,2520458.1258820365,2.9969881535136863e-05,66659.97896784141,6665.997896784141,0.1997791672800922,10.0
3,27,5.575587588491177,1.9184102192516859,3.5031919364037414,0.3890391060177174,194109.22921372033,240897.4142108734,46788.18499715306,393987.72448156,347199.53948440694,1.4481874746038632e-05,30301.66311649497,3030.166311649497,0.04388248898497388,10.0
3,28,1.3423062963326107,1.1283890575921594,1.0225348524311273,0.0809707262872843,31750.299873157233,26657.004807010442,-5093.295066146791,3294518.2839630647,3299611.5790292113,3.137039390936924e-05,43118.34006177359,4311.834006177359,0.13526393124559738,10.0
3,29,5.769019913844838,2.011870497050368,2.1083709114943456,0.39508204732889773,289734.82477458275,344596.811815701,54861.987041118264,1247926.3845511929,1193064.3975100745,2.2276016356093883e-05,74594.44096009493,7459.444096009493,0.16616669869007542,10.0
3,30,1.056734687050207,0.962092055244107,0.9518122226337642,0.01570142872375846,-8861.895931779714,29333.805585468042,38195.701517247755,3080813.831192886,3042618.1296756384,3.102598359030827e-05,30247.567113917507,3024.7567113917507,0.09384605209231525,10.0
4,1,4.100302386140502,1.5607709950748707,1.2209202381294084,0.33284930462072304,144924.36017983872,120355.60105460204,-24568.759125236684,2267644.5437647644,2292213.302890001,2.4988331458837935e-05,64236.36669149881,6423.6366691498815,0.16051596225986292,10.0
4,2,2.213490175934187,1.277490159219018,1.044340733908268,0.20379902554957285,78675.2038758632,67105.3489087685,-11569.854967094696,3628351.978082812,3639921.8330499064,3.061611941013296e-05,49403.40470066698,4940.340470066698,0.15125405375827441,10.0
4,3,1.4730862323495302,1.157988648301476,1.036172972021527,0.10515876411962144,41862.48500713697,110519.49163361697,68657.00662648,5507277.963818371,5438620.957191891,3.433457783222679e-05,56423.484325849495,5642.3484325849495,0.1937276514151308,10.0
4,4,5.54984419876609,1.6932730043493252,1.2735774509865676,0.38822906867213414,146712.066075245,127919.57535882537,-18792.490716419634,1848688.4709952218,1867480.9617116414,2.3285943436610273e-05,65108.8670149405,6510.88670149405,0.15161213945316848,10.0
4,5,8.543199398915302,2.000119829084052,1.569641522740988,0.4595230258890848,266507.85789740825,239008.95144040268,-27498.906457005563,1533423.809053664,1560922.7155106696,2.3504070464704568e-05,73876.2713597828,7387.6271359782795,0.17363930877099706,10.0
4,6,3.9464825477282126,1.5722432269105753,1.2320241644814978,0.32543412040872155,129149.29091077475,187397.79706119644,58248.50615042169,2252490.683013523,2194242.1768631013,2.4146559031249385e-05,69703.46823435539,6970.346823435539,0.16830989104036786,10.0
4,7,5.2522326918951,1.7402454187309857,1.4107679566827043,0.37857040785558427,212787.84939520585,212709.59584146336,-78.25355374248466,2017194.3884170677,2017272.6419708102,2.397661529334669e-05,83126.54375181286,8312.654375181286,0.1993093160202769,10.0
4,8,5.358619452252889,1.727243138592663,2.1380786669009915,0.3820967897737283,165505.92804627723,206299.39793271275,40793.469886435516,575762.5547477714,534969.0848613358,1.279615900239537e-05,43947.60142549544,4394.760142549544,0.056236049561453706,10.0
4,9,4.567037168266403,1.6692273870117782,1.6022140891583267,0.3531251193304762,156225.8024894401,182321.31456224326,26095.51207280316,957449.635701578,931354.1236287749,1.6639198371816028e-05,51489.039401236274,5148.903940123628,0.0856736340571422,10.0
4,10,1.2509173264261786,1.0662120208028791,1.0171240327749762,0.06219484041357237,16589.757246447916,4864.264516651029,-11725.492729796886,2332725.403030816,2344450.8957606126,2.472418865927289e-05,32360.072734562003,3236.0072734562004,0.08000765433171037,10.0
4,11,7.415172639989648,1.9243928640907928,1.5702641232473467,0.4369973693884657,194561.81295674184,184576.55605300362,-9985.25690373822,1033570.5331552374,1043555.7900589756,2.0586522841480714e-05,47054.05565019888,4705.405565019888,0.0968679391427124,10.0
4,12,3.966351381772224,1.5462152797218962,1.216218713777336,0.3264657472299014,143659.897480536,122102.97474980165,-21556.92273073434,1817986.3513463254,1839543.2740770597,2.5919117674901765e-05,38220.16852779755,3822.016852779755,0.09906330456265616,10.0
4,13,7.991428506626511,1.975729540124065,4.0909186750650575,0.4490127500910145,222809.86125651447,238620.66639911456,15810.80514260009,268256.4074882805,252445.6023456804,1.2048459780237873e-05,27000.559136038257,2700.0559136038255,0.03253151507944912,10.0
4,14,5.807651272948396,1.7985470096178466,3.439591606046054,0.39623514079468125,231031.20918561536,266660.27494452154,35629.06575890619,377132.5845287732,341503.5187698671,1.134174974277099e-05,39937.99152524694,3993.7991525246935,0.04529667051082594,10.0
4,15,6.867995520931309,1.8977543965009378,1.7906649563967294,0.42459343189549625,227630.89168777192,207458.09582246302,-20172.7958653089,929752.6168554185,949925.4127207274,2.0288721528439467e-05,40890.83993306223,4089.0839933062225,0.08296228644658918,10.0
4,16,2.055659501404516,1.296754195995839,1.0607252405709207,0.18672549078693146,73447.1814604421,166916.1270147903,93468.94555434822,4250712.774366396,4157243.8288120474,3.430951304091172e-05,56584.75848905149,5658.475848905149,0.19413955092969523,10.0
4,17,5.294627395862571,1.8306068662361243,1.792491882266895,0.380017762866129,229209.31245655924,213704.2224849395,-15505.089971619745,1070959.7675943172,1086464.857565937,1.915500807579426e-05,59201.81148007928,5920.181148007929,0.1134011177002568,10.0
4,18,3.1560631021457515,1.4494087089206549,1.1316273400891246,0.2807901648306437,104597.60406633583,34760.128357770685,-69837.47570856515,2282327.06030143,2352164.5360099957,2.8623430088439326e-05,40408.24087339881,4040.8240873398813,0.11566224576365473,10.0
4,19,3.5651156123051173,1.5706852007151388,1.1131672331793623,0.30547850764585016,125510.23535664917,105727.90393028501,-19782.33142636415,3477365.8181242286,3497148.1495505925,3.2472073918384566e-05,60030.18600432768,6003.018600432768,0.19493046372669032,10.0
4,20,1.8790067277007694,1.2405671837650025,1.331614466407212,0.16545581742810567,53256.089191718245,59554.064572701616,6297.975380983371,498012.92661761114,491714.95123662776,1.360903778960365e-05,16305.859450300117,1630.5859450300118,0.02219070574511001,10.0
4,21,4.605094911566182,1.7034069133864282,1.4895001815896673,0.35469319386780485,175816.67145261212,164632.05869827367,-11184.61275433845,1108587.482913658,1119772.0956679964,2.152103997734997e-05,39433.57344332463,3943.357344332463,0.08486515105235555,10.0
4,22,3.2127134338169006,1.533972169607918,1.162741819804874,0.2844693580276302,126079.52804097623,134951.02027476073,8871.492233784491,2632434.4895119146,2623562.99727813,2.936668508225754e-05,59079.5184388234,5907.95184388234,0.17349696128043543,10.0
4,23,5.413611042720474,1.8308160458760416,1.755770894497299,0.38395979511123834,223524.9945270263,211513.8740093959,-12011.120517630421,1122799.5553105436,1134810.675828174,2.121323055132183e-05,53187.139088776974,5318.713908877698,0.11282710438554473,10.0
4,24,3.485380863859392,1.5772430542614797,1.2713828681871644,0.3010177420611613,161357.49258872654,161131.60826830936,-225.88432041718625,2303439.7627482396,2303665.647068657,2.730632109117607e-05,64437.8301367989,6443.783013679889,0.17595600801340927,10.0
4,25,6.976029924539732,1.9774716938679513,2.498193752126699,0.42715603221170295,282979.8065418328,283785.7101876479,805.9036458150949,707180.5027427297,706374.5990969146,1.9737359531657424e-05,37793.15833679785,3779.315833679785,0.07459371539302354,10.0
4,26,5.117998409675925,1.8527301991688743,1.6316492933024354,0.3739043550325194,196789.53801655723,231595.86696609802,34806.328949540795,1436191.7304729365,1401385.401523396,2.129806286468127e-05,82365.3693729075,8236.53693729075,0.17542228147768774,10.0
4,27,2.5681741827321654,1.4393249801571937,1.2593199546002718,0.23702336801816448,109161.8240637592,105557.96341811531,-3603.8606456438865,1538576.7219133489,1542180.582558993,2.3602369763408608e-05,42164.781995024925,4216.478199502492,0.0995188775640092,10.0
4,28,6.570761627973671,2.0208522291713034,2.137972657858455,0.41724221151500573,254812.35019317112,282277.09135050955,27464.74115733843,997617.794648791,970153.0534914525,2.0416993447537093e-05,61921.955614425744,6192.195561442574,0.1264260162038413,10.0
4,29,1.7836164761990634,1.2703158611054568,1.1205789038729872,0.15291962428745043,65477.07124629045,76483.42414431646,11006.352898026016,2162666.0500224372,2151659.697124411,2.6329126342448413e-05,42961.17981591488,4296.117981591488,0.11311303311938677,10.0
4,30,4.543058151936911,1.7938014982380448,1.346119352637348,0.35217466277932086,194570.23990579008,179286.4373668905,-15283.802538899588,1800583.140667804,1815866.9432067035,2.692582437233286e-05,54650.65163771234,5465.065163771234,0.14715138478305875,10.0
5,1,3.4984879388154138,1.4875863110341137,1.2095867602778858,0.30177272908364594,128599.48196800423,175695.0876202657,47095.60565226147,2308450.0526089505,2261354.446956689,2.3935358969158855e-05,63721.91762135259,6372.1917621352595,0.15252069724702436,10.0
5,2,3.4956682275224114,1.5362878286246597,1.490729931409481,0.3016106370711852,146458.22684671715,153765.88003442573,7307.65318770858,1060683.2657813514,1053375.612593643,1.719782083486959e-05,43056.88293015163,4305.688293015163,0.07404845583407024,10.0
5,3,6.2492113798316415,1.8603081904905823,1.4246374041734078,0.4087452545758645,192057.39293029127,174584.67889818284,-17472.71403210843,1588320.7614892041,1605793.4755213128,2.217433004241693e-05,76370.28036231472,7637.028036231472,0.1693459802185879,10.0
5,4,6.129100335067203,1.7313950869283565,1.7924297026001386,0.4054914281397981,212868.7999997833,208427.15222541147,-4441.647774371842,904793.9193508797,909235.5671252516,1.858056191058025e-05,44316.9555460456,4431.69555460456,0.08234339362117331,10.0
5,5,1.313573153128388,1.1184276213325273,1.032003616398381,0.07522858834247981,24846.041233896107,20605.298121738135,-4240.743112157972,777543.3452631535,781784.0883753116,1.594196447658162e-05,16077.44007075083,1607.7440070750831,0.025630597848227958,10.0
5,6,4.917266076577069,1.689565122700144,1.3433968486790386,0.36672782539729887,189388.85570910244,169743.32008189437,-19645.535627208068,1920498.553034762,1940144.0886619699,2.4361905805808425e-05,63945.318870870666,6394.531887087067,0.1557829835054535,10.0
5,7,3.697166795932673,1.4966366024220241,1.1320669227849647,0.31272288969203965,121648.21709341215,84254.33213276508,-37393.884960647076,2985087.7431021878,3022481.628062835,2.837222435490739e-05,69206.83078411153,6920.6830784111535,0.19635517298989236,10.0
5,8,5.602870560858474,1.7710268579508044,2.482558666053196,0.3899220662372951,170218.9579392596,183165.3933920611,12946.435452801496,396856.5711181688,383910.13566536736,1.143234503721857e-05,37292.08018954472,3729.208018954472,0.04263359278824986,10.0
5,9,4.249059065461858,1.6250858064796534,1.3521336320508681,0.3396332580879715,162673.0485833012,176084.03269084537,13410.98410754418,1634273.6598302121,1620862.675722668,2.2676202886193144e-05,54531.56564910049,5453.156564910049,0.12365688463607635,10.0
5,10,2.2248083993836714,1.3106296591814663,1.0975278369699817,0.20493912809462766,71615.5180811612,19798.35456630954,-51817.16351485165,1757108.4109488032,1808925.5744636548,2.420599784201166e-05,30787.481310178428,3078.7481310178428,0.07452417061551533,10.0
5,11,6.490902480175064,1.856515515961,2.453419670509404,0.41514854056314043,193106.32724904155,192784.5451540702,-321.78209497136413,414309.82370893244,414631.60580390383,1.4287734799784862e-05,25022.64443504496,2502.264443504496,0.035751690767723485,10.0
5,12,6.8189486968987225,1.9073265522979759,3.3406439422770653,0.42340502907422783,224700.80133664235,227462.5616495203,2761.7603128779447,300443.40546077077,297681.6451478928,1.3089213444735415e-05,22046.97280171403,2204.697280171403,0.02885775328119113,10.0
5,13,6.8592894865602965,1.8905604567683953,1.6807336021168469,0.4243590096672307,212961.5085946257,206356.58209465953,-6604.926499966154,975387.2185551545,981992.1450551206,2.0028601396065477e-05,41599.20183179677,4159.920183179676,0.08331738318835342,10.0
5,14,4.372850300444973,1.6823837726673239,1.929988857994936,0.3449942605432167,151550.18046299787,139542.41514749467,-12007.765315503202,564153.8527291592,576161.6180446624,1.49211787361885e-05,30349.14498739145,3034.914498739145,0.04528450168473671,10.0
5,15,2.491560864089528,1.4080825188398405,1.1396521746194452,0.2303732000688654,114796.93035882628,99014.38678159281,-15782.543577233475,3042472.2828027774,3058254.826380011,2.969456261763617e-05,58255.17571028524,5825.517571028524,0.1729861962930463,10.0
5,16,8.10010836054978,1.9980984732078377,1.4406439552307242,0.4511611816029729,237101.2744266935,242982.70266053083,5881.4282338373305,1845265.6584999806,1839384.230266143,2.6093924264928514e-05,73352.80576149095,7335.2805761490945,0.19140625581603568,10.0
5,17,1.2298020889201866,1.0837536927244455,1.0294168118478875,0.05760659258813028,21737.80028072614,114698.46812685538,92960.66784612925,4661481.167614487,4568520.499768358,3.525249457924948e-05,45809.410225992935,4580.941022599293,0.1614895985670432,10.0
5,18,3.3072754673914084,1.5156414298012972,1.1666497755649634,0.29039713585075044,123076.844013211,157897.05012656818,34820.206113357184,2218503.984816858,2183683.778703501,2.692651416490833e-05,49819.97756689811,4981.997756689811,0.13414783316504972,10.0
5,19,4.557274052596541,1.6996610212061338,3.418102549118296,0.3527640025280423,183985.84183328142,210042.8797204643,26057.037887182873,241459.2840140521,215402.24612686926,1.1628284698352798e-05,18600.05381222391,1860.005381222391,0.02162867211332219,10.0
5,20,2.885635230197351,1.4627228149742344,2.1732826594112167,0.2621070799669518,115886.24082882526,132501.51925568478,16615.278426859513,299962.9904292304,283347.71200237086,1.127090553370046e-05,17792.814916667026,1779.2814916667025,0.02005411361043705,10.0
5,21,5.68845577719207,1.8559827260634019,1.6592591813934163,0.3926368969352394,215490.74383839802,302438.7968944773,86948.05305607925,1552455.5948865216,1465507.5418304426,2.125074222418549e-05,88729.32082234297,8872.932082234296,0.18855639245226644,10.0
5,22,4.5510670329729805,1.7362063827765046,2.086848554199515,0.35248408245488394,175833.4041791456,230085.11229090282,54251.70811175721,695221.8621525972,640970.15404084,1.6350697124060942e-05,41097.26974533784,4109.726974533784,0.06719690102318523,10.0
5,23,2.169761563374405,1.3561560251846894,1.123401058139762,0.19921041370847548,83586.98406482773,160844.74194219543,77257.7578773677,2885162.108009059,2807904.350131691,2.7941677873641868e-05,58413.68124678408,5841.368124678408,0.16321762648112356,10.0
5,24,3.748472830366699,1.6722670701235918,1.3492258701868374,0.31543846449268287,163276.98093626538,257375.8351096436,94098.85417337823,2151045.016943784,2056946.1627704054,2.4703664761003985e-05,78598.65664530563,7859.865664530563,0.19416748644308884,10.0
5,25,0.991281399562377,0.9724848101319031,0.9262362199761167,-0.0025144376572752147,-6334.476318746423,-23210.520764995425,-16876.044446249,678372.7393862315,695248.7838324805,1.6054268186456775e-05,13325.083979511292,1332.5083979511292,0.0213924471814133,10.0
5,26,2.1710416573162905,1.3435016140493259,1.2169138801967356,0.19934891600228866,81743.24675399497,98775.95573992714,17032.70898593217,1511536.341303958,1494503.632318026,2.2021518345883537e-05,41844.98797617728,4184.498797617728,0.09214901704006641,10.0
5,27,5.147328121946036,1.9198914493593655,4.9157516571404924,0.37498231867806264,249595.05492906805,310689.8667843512,61094.81185528313,304897.2161150897,243802.4042598066,1.2347417839982458e-05,31654.220766288807,3165.422076628881,0.03908478902004176,10.0
5,28,4.11432833237831,1.6768241697576065,1.2248491110386746,0.3334176446997138,146134.07585140446,179007.0437942772,32872.967942872754,2205264.8833494303,2172391.9154065573,2.8177782637391707e-05,56363.22102736549,5636.322102736549,0.15881905908523705,10.0
5,29,4.084025808178871,1.6999230732789945,1.5011508371061482,0.33202634858365465,156765.44194464397,205612.7749169536,48847.33297230964,1552637.3384671696,1503790.00549486,2.284552078955198e-05,68352.78391612506,6835.278391612506,0.1561554945979589,10.0
5,30,6.657082235701186,2.083660487620116,4.460989755775479,0.4194123279965071,313212.32841714687,373543.43425748486,60331.10584033799,449735.75444554485,389404.6486052068,1.7328753380578456e-05,34422.20460175665,3442.2204601756653,0.05964938943596539,10.0
6,1,5.9352713264061014,1.774290848131711,1.5306611211272823,0.3999550487554939,182843.71609076447,171146.8362751757,-11696.879815588763,1213477.3161930845,1225174.1960086732,1.862595085870891e-05,67321.15295006311,6732.1152950063115,0.12539204865995018,10.0
6,2,7.38493212296218,1.8684841997418375,1.6073771977342577,0.43640599257654333,204309.22626773952,231559.94711809952,27250.720850359998,1284592.7322402645,1257342.0113899047,1.9604840994180563e-05,73161.34536489275,7316.134536489275,0.14343165427990517,10.0
6,3,5.7968849420370905,1.770859985774819,1.4860689804970761,0.39592547699744673,197112.18641422954,190670.22575037036,-6441.9606638591795,1471836.0932409987,1478278.053904858,2.0431362202125404e-05,74921.76378807767,7492.176378807768,0.1530753692776298,10.0
6,4,6.07489724538614,1.7197448077482416,1.605448706442243,0.403989789479515,199741.66435708958,200546.95460532475,805.2902482351637,1145257.664309657,1144452.374061422,2.0612037261877115e-05,44606.69246128724,4460.669246128724,0.09194348071411455,10.0
6,5,2.8437082388372446,1.4392784237558496,1.240750335841723,0.2590006331243838,107531.56461790585,90809.0374567562,-16722.527161149657,1438709.1198412548,1455431.6470024046,2.0190658687021496e-05,40665.504075633886,4066.5504075633885,0.08210633131268054,10.0
6,6,2.6940545082190726,1.3688817222144005,1.1165281448875524,0.2474073584946611,86461.28902687962,34657.49818217171,-51803.79084470791,1991842.3445700402,2043646.1354147482,2.482125519305285e-05,38375.871429557046,3837.5871429557046,0.09525372980088212,10.0
6,7,3.525882697558905,1.5193063554073887,1.4092074679940176,0.30333004637508376,131873.89453756015,118265.86080749039,-13608.033730069757,1013854.3776380988,1027462.4113681685,1.7916191189976837e-05,37740.48983461613,3774.048983461613,0.067616583148036,10.0
6,8,1.0903821891151935,1.0236010396114168,1.0040904456940631,0.024511078174992096,5674.392281600244,116211.41124267655,110537.0189610763,6467012.711803636,6356475.69284256,3.751084087197987e-05,51165.35212041439,5116.535212041439,0.1919255381547682,10.0
6,9,4.28791078073647,1.5686714565072204,2.1293765670389413,0.34131847431039575,134021.03132490756,139147.1606511675,5126.12932625995,338895.33039601735,333769.2010697574,1.2530792924231154e-05,18111.3897950832,1811.13897950832,0.02269500750922209,10.0
6,10,2.6928908253963337,1.4006785955171746,1.161266132531969,0.24727654724498005,86035.74552163166,90760.64345616939,4724.89793453773,1819031.6788075706,1814306.780873033,2.3461493421261353e-05,41962.93926991757,4196.293926991757,0.09845132236179607,10.0
6,11,5.749808201407762,1.74021443951581,1.6799408936350164,0.39450306982260663,211936.11355083875,257419.90026642865,45483.7867155899,1327162.849047007,1281679.062331417,2.0904980352186534e-05,62268.1011472422,6226.8101147242205,0.1301713431051062,10.0
6,12,6.517927617083984,1.8463513585074565,1.4919887450038072,0.41590165065546936,221051.46748114747,256655.5692007592,35604.10171961173,1401929.0361622656,1366324.934442654,2.3278231889698754e-05,50948.2886961327,5094.82886961327,0.11859860786518947,10.0
6,13,5.6531797100561985,1.7953858876697972,2.026277781846169,0.391468260556594,171712.96341993156,205290.7080820026,33577.744662071025,671412.7583537573,637835.0136916863,1.4142011451086288e-05,51002.65829609985,5100.265829609985,0.0721280177659285,10.0
6,14,4.886161357795448,1.7082788348507334,1.3901023433117499,0.36556705430768965,200667.2815232604,183064.69176102185,-17602.589762238553,1880128.6866381553,1897731.2764003938,2.3302431023881505e-05,76056.12725850088,7605.612725850088,0.17722926593847707,10.0
6,15,9.764951944702469,2.0903714072323716,2.760266364894494,0.47985206978514827,288724.68108031515,302189.7260859681,13465.045005652937,656137.2998589834,642672.2548533304,1.8530028088005782e-05,43802.6585754058,4380.26585754058,0.08116644937315969,10.0
6,16,2.1816759226072793,1.3060752299492304,1.0718139677922787,0.20048752410255744,77723.63745555916,39865.79763700919,-37857.83981854997,3109222.31861033,3147080.15842888,3.075367363516722e-05,46353.33991463002,4635.333991463002,0.14255354876345017,10.0
6,17,2.742895762815431,1.3956490456045074,1.5463527615303576,0.251292200579299,99395.34407705214,108460.84995477949,9065.505877727352,574509.3425206213,565443.8366428938,1.5086155029338863e-05,19766.763603064268,1976.676360306427,0.029820446014412038,10.0
6,18,4.760474999107183,1.696387329020313,2.1130017412114284,0.3607415156557179,152524.46393414302,154912.51799248063,2388.0540583376132,488145.29798847175,485757.24393013417,1.4924281256308912e-05,27496.47361662091,2749.647361662091,0.0410365105811128,10.0
6,19,3.3813967480979374,1.5534522955796328,1.3588599134657096,0.29487110949990547,126049.95068274887,141846.7545155717,15796.803832822829,1573236.9166658605,1557440.1128330377,2.1557995966636976e-05,56309.81317638594,5630.981317638594,0.12139267253386099,10.0
6,20,5.063317380717076,1.7291035141420312,2.2449737659537745,0.37194928782993164,161952.5633742408,156909.5032430754,-5043.060131165403,440340.68789940217,445383.74803056754,1.508570010689051e-05,21789.12001317777,2178.912001317777,0.0328704130111846,10.0
6,21,2.998780909735698,1.465419550060801,1.9939960681551758,0.270214949319456,127899.33576519851,161896.65670538388,33997.32094018537,493609.67486262304,459612.35392243764,1.372259134827049e-05,23319.36426901279,2331.936426901279,0.03200021063651229,10.0
6,22,6.003772958784531,1.8373396230938397,1.5886556627403465,0.40191546997514294,192689.96887426387,235069.7783974409,42379.80952317704,1458374.7145565788,1415994.9050334017,2.2914752203403007e-05,68252.27780448736,6825.227780448736,0.1563984033207651,10.0
6,23,6.848747952646781,1.8994102004396558,1.986358446453511,0.4241123938444906,222080.2657889551,239864.25158650216,17783.985797547066,1032513.5232830911,1014729.5374855442,2.0434125713814217e-05,60377.14534327087,6037.714534327088,0.12337541781856295,10.0
6,24,4.410065790662345,1.7263599624385042,1.9943285558467332,0.3466432039536398,198374.82379394956,248288.47714539734,49913.65335144778,880865.115592622,830951.4622411742,1.729930745362484e-05,51849.03586297942,5184.903586297942,0.08969524125677016,10.0
6,25,2.62232600233646,1.3959336958771982,1.1754000721770652,0.24158749364540888,107128.64245112275,89212.52972354332,-17916.112727579428,2427851.9074828676,2445768.0202104473,2.8335820185670756e-05,48844.39093339875,4884.4390933398745,0.1384045878567394,10.0
6,26,8.20153951550293,2.052012984293229,3.0030834331391594,0.4531575647612981,279243.2716988644,311567.23344112,32323.961742255604,658506.9243669439,626182.9626246883,1.9328829858411252e-05,40888.879605115966,4088.8879605115967,0.07903341969883484,10.0
6,27,2.492124053352669,1.3955664466649507,1.7163311014156761,0.2304274615795786,105234.19696355608,101493.43564699104,-3740.76131656504,417993.06667073123,421733.8279872963,1.4812535655048315e-05,15405.804310725716,1540.5804310725716,0.02281990256473217,10.0
6,28,2.147609669290578,1.3077725036049248,1.09869476289609,0.19684782709025217,72418.8394081051,133613.41065400717,61194.57124590207,2423502.2259534677,2362307.6547075654,2.750136434918258e-05,46394.34508505372,4639.434508505372,0.12759077879257702,10.0
6,29,2.7347541232885395,1.43170627075747,1.467553638167153,0.25063270730352305,101867.5111302835,122203.47821373,20335.967083446507,832743.3516730419,812407.3845895954,1.862564253716207e-05,25696.66739437313,2569.666739437313,0.047861694128394174,10.0
6,30,3.7050286052900367,1.6136695361538096,1.5195210068613312,0.3130818289966263,131767.6544200016,172888.7068601215,41121.05244011991,1142839.8379480953,1101718.7855079754,2.1372414198883337e-05,43884.70892408866,4388.470892408866,0.09379221761230548,10.0
7,1,9.367981104292134,1.9885009257382877,2.784101637548483,0.47362297092078054,270705.62213058275,267142.0743374346,-3563.5477931481437,502600.6695813778,506164.21737452596,1.533716834009559e-05,36076.48030886434,3607.648030886434,0.0553311051615196,10.0
7,2,3.854940809307723,1.5433315267905499,1.5701845559868575,0.32093861778506394,147475.87731093875,139595.65239775664,-7880.224913182115,930809.8124800125,938690.0373931947,1.661847490791254e-05,40810.59584762839,4081.059584762839,0.06782098630707721,10.0
7,3,2.813855752403098,1.3646257647463744,1.2525106702938869,0.2567678867454031,97062.45310655645,84607.67604181601,-12454.77706474044,822389.6884201486,834844.465484889,1.7844769871097046e-05,19345.564959166142,1934.5564959166143,0.03452171547226787,10.0
7,4,6.055957561446758,1.7876980704031975,3.385036498108832,0.40344747333174213,200678.50410478763,216869.16787780696,16190.663773019332,282659.9013671096,266469.2375940903,1.0402533345936492e-05,29283.659418690077,2928.3659418690077,0.030462424359397073,10.0
7,5,5.16638648865648,1.6962751478637308,1.3945150203310783,0.375631713787422,174312.6283361274,96222.09863575721,-78090.5297003702,1401247.0218360783,1479337.5515364483,2.1588141589595233e-05,48578.197921634805,4857.81979216348,0.1048713014899633,10.0
7,6,4.362383260063046,1.6188977626630765,1.4942487680073775,0.3445719788134669,145869.6248300104,148405.36398858394,2535.7391585735313,1074402.5493948131,1071866.8102362396,1.7701971680753737e-05,48790.69891627299,4879.069891627299,0.08636915705000464,10.0
7,7,6.033779107097031,1.7657224948888945,1.9670612910266525,0.40282547817074277,214100.5074925337,237796.217993775,23695.710501241294,837377.5220067163,813681.811505475,1.64132410223797e-05,51962.99538296067,5196.299538296067,0.08528811674653371,10.0
7,8,2.5173031202969858,1.338863016375985,1.107914639873044,0.23262216360282917,82052.44244304483,92234.76873861658,10182.326295571751,2372927.6301972126,2362745.3039016407,2.6877412386313005e-05,37855.96738364965,3785.596738364965,0.10174704466531663,10.0
7,9,8.315394399040647,1.9909376563998973,1.7148926657369186,0.4553084907460325,251892.86476381955,265221.89484866254,13329.03008484299,1274568.3580455028,1261239.32796066,2.087138430631106e-05,76109.88547780932,7610.988547780932,0.15885186693166814,10.0
7,10,2.8116505423680698,1.3660189405055185,1.3656210704449594,0.25659616342422986,93598.83514582457,72833.91196411462,-20764.92318170995,552536.7937083829,573301.7168900927,1.5645192510052008e-05,15570.977196196543,1557.0977196196543,0.02436109358041248,10.0
7,11,5.414475295469665,1.6991756132347196,1.3244662869903865,0.38398792053596853,192401.2331462204,127973.22888055544,-64428.004265664946,2218964.3548721443,2283392.3591378094,2.6330842965421015e-05,70256.12843660053,7025.612843660053,0.18499030852225784,10.0
7,12,9.525043440924572,2.024055880334144,1.6048469703996904,0.47604414108216464,230384.27998394507,225177.56519078373,-5206.714793161344,1325481.400420809,1330688.1152139702,2.2207274551548775e-05,68029.15339699958,6802.915339699958,0.15107420869965965,10.0
7,13,1.4939106341032338,1.136464480471498,1.0805067072238628,0.10872294284691497,29519.230083156453,44252.95000872058,14733.719925564128,1318355.533219545,1303621.813293981,1.9061144664584442e-05,25867.93726210297,2586.793726210297,0.04930724943273391,10.0
7,14,1.7156644721174374,1.2121011498117868,1.097611601622507,0.1434125483648615,46944.7694473734,34294.27973092722,-12650.48971644618,611988.7362765415,624639.2259929875,1.5998214935444874e-05,13354.097093195722,1335.4097093195721,0.02136417155657448,10.0
7,15,5.17763636988171,1.689743866689756,1.5407995591149801,0.37596392452188254,155786.4698694867,177420.49356494707,21634.023695460375,1170047.59154066,1148413.5678451995,1.8392594670532454e-05,62735.14977048367,6273.514977048368,0.11538621813236534,10.0
7,16,5.77158280056347,1.7712530181216568,1.3450874497905887,0.39507541292861126,167525.20175056203,113745.289705198,-53779.912045364035,1631356.6856328344,1685136.5976781985,2.3765710083749254e-05,57647.94450863572,5764.794450863572,0.13700443361163014,10.0
7,17,4.071379011651659,1.6183550980588137,1.7674182466405153,0.33148993646207414,173409.08414183362,194676.08111609513,21266.996974261507,880583.1692699943,859316.1722957328,1.65176404024514e-05,44269.72447508296,4426.972447508297,0.07312313895950219,10.0
7,18,5.174892681768367,1.7251344902453536,1.4583633225661212,0.37586957169715196,161175.69484896047,129903.21347009091,-31272.48137886956,1078242.9892740697,1109515.4706529393,2.043776133278903e-05,40336.87721776667,4033.687721776667,0.08243954694867303,10.0
7,19,2.9010975689350484,1.4341636593605385,1.1484333342569895,0.263246904622629,112557.28722868304,162070.86891029644,49513.5816816134,3206982.6138785454,3157469.0321969315,3.0124509196433626e-05,62166.31172232947,6216.6311722329465,0.18727296291876736,10.0
7,20,7.1601878944384545,2.0233256684610255,1.9463892790156636,0.4314335422173048,280877.4558546874,311695.3789561753,30817.92310148792,1136112.1526234846,1105294.2295219966,2.086974273555878e-05,66946.15009992947,6694.615009992946,0.13971489297216305,10.0
7,21,1.618754496542186,1.1625737619489873,1.0240741099618937,0.12902176590720305,37959.433514693854,-19717.548756515414,-57676.98227120927,2504211.2641108166,2561888.246382026,2.838510949407102e-05,32437.67415885531,3243.7674158855307,0.09207469327321059,10.0
7,22,5.038159635024494,1.7531333836659366,1.3842603104287896,0.37112200616352553,193612.97858029132,197727.39266558012,4114.414085288794,1724703.6297591762,1720589.2156738874,2.5234128672184337e-05,56954.57939751973,5695.457939751973,0.14371991849871518,10.0
7,23,2.9744782629506843,1.419584457551576,1.1818923348459855,0.2685003090453605,107099.37727566909,87364.53311611708,-19734.844159552013,2043416.9146941607,2063151.7588537124,2.5384388833379445e-05,47941.24158561555,4794.124158561555,0.12169591175642455,10.0
7,24,2.9235188915325843,1.4474154895393554,1.112850494510884,0.26487086223449774,122585.46340988907,75166.99300300935,-47418.470406879715,2770626.842846075,2818045.3132529547,3.0717894904448516e-05,42857.25871417618,4285.725871417619,0.13164847690748244,10.0
7,25,5.213541656183411,1.7986459488000601,1.5421522802619767,0.37726951853548873,215364.54914275967,236706.22352026004,21341.67437750037,1736576.3202423605,1715234.6458648604,2.2393966517093492e-05,86821.6202032448,8682.16202032448,0.1944280455791272,10.0
7,26,3.4807161245302556,1.571703579093884,1.2301909035708436,0.30074264243259197,162218.53845549282,142578.29803210107,-19640.240423391748,2805692.1323367883,2825332.37276018,3.0134273357873087e-05,65310.161996267474,6531.016199626747,0.19680742746424984,10.0
7,27,7.976224885873154,2.02059753452641,4.758989963300192,0.44877140234153445,279368.74829594477,294610.6178316724,15241.86953572766,286017.12966690684,270775.2601311792,1.4753538021483401e-05,25024.920614195496,2502.49206141955,0.036920611776613696,10.0
7,28,2.2641378649993076,1.2770501840490402,1.1869482300059466,0.20891522829647446,63710.725517836945,48341.22670125531,-15369.498816581632,1028797.8411586051,1044167.3399751866,2.0156896205396642e-05,23050.225692850752,2305.0225692850754,0.04646210068017595,10.0
7,29,2.265324833646045,1.3343423594895398,1.1236930829894607,0.20907440548605605,90458.19424551543,67136.36658583133,-23321.827659684102,2596149.3253170387,2619471.152976723,2.825042583212089e-05,49573.66858247744,4957.366858247744,0.14004772475154204,10.0
7,30,3.4706919437462247,1.5649510340453279,1.2390001325174103,0.30015586123539784,135348.4019852238,142482.0575998426,7133.655614618794,1757029.469209357,1749895.8135947383,2.596113978065879e-05,40214.37576903843,4021.437576903843,0.10440110305319446,10.0
8,1,8.072949457152351,1.8858581762866127,1.4342744003400478,0.45066868635999324,252033.9971434498,236089.90685699086,-15944.09028645893,1903107.989038493,1919052.079324952,2.6025110450092627e-05,67439.5712685832,6743.9571268583195,0.1755122290971771,10.0
8,2,3.0564373341922537,1.4079356073607534,1.3953830180456985,0.2741659722401242,97198.88269353652,104554.8861493117,7356.003455775179,654434.8105475787,647078.8070918034,1.5777199048208713e-05,19507.75928686357,1950.775928686357,0.030777780125338862,10.0
8,3,8.286163656797035,1.976972892740509,4.261621632800367,0.4547661375499096,260244.34990277485,263161.98605901684,2917.6361562419916,233489.48751998137,230571.85136373938,1.1592765264801965e-05,25345.84639737516,2534.584639737516,0.02938284477224968,10.0
8,4,8.741853229537691,1.987648107026517,1.5261168093281536,0.46302511609621366,229651.644047956,205606.2785945995,-24045.3654533565,1389460.3274740435,1413505.6929274,2.254152553786493e-05,63784.91352974245,6378.491352974245,0.14378092572611958,10.0
8,5,1.5439057247532109,1.1716797060727635,1.0434042696469665,0.11712957217039899,44992.11493449165,23446.361614040496,-21545.753320451153,4529296.095403782,4550841.848724234,3.2939841891299605e-05,51881.510145362976,5188.151014536297,0.1708968741270113,10.0
8,6,4.247692335626947,1.556956447114166,1.5348499208230864,0.33956190206546366,138256.25065380606,181401.81942380083,43145.568769994774,1106950.33952144,1063804.770751445,1.751753715768415e-05,50316.21620250906,5031.621620250906,0.08814161869615215,10.0
8,7,6.379028630430827,1.8043160459501904,1.9127508124398642,0.4122792942294041,207873.30427518126,203000.60917236158,-4872.695102819678,815422.3722491106,820295.0673519304,1.7871314293091422e-05,43397.83069514558,4339.7830695145585,0.07755762719913169,10.0
8,8,3.702743436547012,1.5179877256396983,1.2672727178566479,0.31303359749841553,149011.85239219287,161304.44337116848,12292.590978975612,1851297.2289077106,1839004.6379287352,2.3684552174093926e-05,56627.6942089848,5662.76942089848,0.13412015779913372,10.0
8,9,5.483085458380006,1.723142197593993,2.0975985317491985,0.3861948445785812,210519.99390618326,251312.97039882868,40792.97649264542,709954.1404331955,669161.1639405502,1.5874642761641957e-05,40654.885645251605,4065.4885645251607,0.06453817861337749,10.0
8,10,1.3221509291208604,1.1096800393020332,1.0100086572880045,0.07697357055855836,31305.819773815027,6685.111461504565,-24620.70831231046,4572543.837028406,4597164.545340717,3.452008147563517e-05,46491.09468091157,4649.109468091157,0.16048763762765367,10.0
8,11,2.866692083261788,1.4675591946193718,1.2165213975790687,0.26072171111530096,120096.89168881059,124307.7220985314,4210.8304097208165,1788683.7562759672,1784472.9258662462,2.197434352838673e-05,49859.16111655257,4985.916111655257,0.10956223344123081,10.0
8,12,4.994673808476868,1.715975088746943,1.479911556463279,0.3695584124999183,198354.6392721463,233700.77089442845,35346.13162228215,1436128.628645914,1400782.4970236318,2.1604470900014337e-05,57304.967076172,5730.4967076172,0.12380434936234377,10.0
8,13,4.066796193411961,1.6330437594895058,1.2929951223337244,0.3312633984051796,156258.0995424448,145564.27200781016,-10693.827534634649,2151581.29443153,2162275.1219661646,2.418114640199689e-05,74810.69450566173,7481.069450566172,0.18090083562764706,10.0
8,14,2.5147200517566763,1.3303815110799104,1.074558285488538,0.23241778295082027,89093.04430487011,29507.461571132615,-59585.582733737494,4229953.73720456,4289539.319938298,3.639290701227375e-05,49778.305422576064,4977.830542257607,0.1811577240472373,10.0
8,15,4.572268152734453,1.668958631464008,1.5206714298308908,0.35335268488728655,162810.45501050065,142920.68259441387,-19889.77241608678,884032.0617732137,903921.8341893004,1.972469434286381e-05,30199.19330154059,3019.919330154059,0.05956698572739483,10.0
8,16,6.135831626187044,1.8795825571765459,1.4509697009071512,0.40568907789246533,223126.05708766714,191143.11794927946,-31982.93913838768,1519277.7192508674,1551260.6583892552,2.4583920591679658e-05,52117.15922916061,5211.715922916061,0.12812441039536088,10.0
8,17,1.9505967152750792,1.301576662797462,1.1730845448398497,0.1743992757701186,81051.08441639089,106648.39267713064,25597.308260739752,1842684.6763300267,1817087.368069287,2.3173891271125716e-05,38521.83321993116,3852.1833219931164,0.08927007746031235,10.0
8,18,1.384818398013838,1.1314640453612603,1.1348470164050575,0.08912863645877944,28015.266774550193,33209.06568280859,5193.798908258399,692880.1002091826,687686.3013009242,1.4702754134984223e-05,18956.16352569301,1895.616352569301,0.027870781166082,10.0
8,19,7.337657944830063,1.9732442060474036,3.197394285568446,0.4353010744359064,208361.29453598676,218719.0469612462,10357.752425259445,360622.30959155445,350264.557166295,1.3428855704259738e-05,33116.43509160154,3311.643509160154,0.044471582828460074,10.0
8,20,2.2084538679850305,1.3281762345886405,1.422110025708212,0.2032847755755549,87347.00328524933,90188.81757503087,2841.8142897815414,687919.3081202337,685077.4938304522,1.6219129063132382e-05,23081.27005137603,2308.1270051376027,0.037435809790428,10.0
8,21,3.235544711776818,1.5091583790515106,1.1726161645488815,0.285950135893118,140181.28553562963,237361.78522052837,97180.49968489874,2745344.0709130364,2648163.5712281377,2.8688151226434255e-05,67154.19130122391,6715.419130122391,0.1926529595538407,10.0
8,22,6.723626910067132,1.964371446062288,4.219182622285912,0.42108205405016497,247252.78105105858,305291.7153158171,58038.934264758514,357661.89344849664,299622.95918373816,1.3708957519640494e-05,33011.998033556265,3301.1998033556265,0.045256007868047836,10.0
8,23,2.2307405537312057,1.3350986294424192,1.1130386512808277,0.20556365118121167,82698.54185084031,131540.8480653768,48842.3062145365,2995478.14728518,2946635.8410706436,3.052995941910038e-05,49772.06275020174,4977.206275020174,0.15195390559685767,10.0
8,24,4.137165803459891,1.662311423755808,1.5511440173972568,0.3345629606923295,179363.8242140785,229768.7629406912,50404.938726612716,1243016.7446835148,1192611.805956902,2.1052710556432897e-05,52727.75616981016,5272.775616981016,0.11100621889331823,10.0
8,25,4.841885618027737,1.8307020715588034,1.9636385497745337,0.36391749015914465,227143.7065931494,272778.4181761502,45634.71158300078,1023800.0277674214,978165.3161844205,1.8572947683351076e-05,66829.17035003209,6682.917035003209,0.12412146846329028,10.0
8,26,3.4919286085867576,1.5989744744058614,1.3158442402474528,0.30138145317750875,146229.51836550326,100452.57217046912,-45776.946195034136,1702557.0135442044,1748333.9597392383,2.535391625826971e-05,51375.71913773669,5137.571913773669,0.13025756807265604,10.0
8,27,7.145664423033261,2.0096372539543195,2.1967666294629016,0.43100731848295837,216472.2938851551,237381.90176220358,20909.60787704849,689375.1466838464,668465.5388067978,1.9296174531883286e-05,37157.78333078578,3715.778333078578,0.07170030723687458,10.0
8,28,6.358655310109586,2.025555224548737,2.5186421000320514,0.4116350877498397,215949.7647924291,248461.46372393606,32511.69893150695,575419.8001505234,542908.1012190165,1.7098451342235045e-05,44025.55952354683,4402.555952354683,0.07527688873280382,10.0
8,29,2.6724147210993174,1.4934314970834068,1.4872419858402015,0.24565430444840985,113644.09077533388,142133.74963194237,28489.658856608483,925611.7445655358,897122.0857089274,1.8583751287081644e-05,36931.03532393407,3693.103532393407,0.06863171752344174,10.0
8,30,1.9049175665610816,1.278877920036571,1.223596717458891,0.16876326430778765,70627.59363822175,130594.5063779984,59966.91273977666,1335504.1201460452,1275537.2074062687,2.147806307301089e-05,36071.2506416994,3607.12506416994,0.07747405964048043,10.0
9,1,8.676623101864829,1.9231484177182967,2.961636115426632,0.4619195424070096,247639.73113194338,260334.07855525808,12694.347423314699,423536.1609436129,410841.8135202982,1.4006559690504462e-05,31787.537500341507,3178.7537500341505,0.04452340414126823,10.0
9,2,5.305166221519296,1.7207057222872688,1.6323671254416148,0.3803714732920427,199901.4465277689,240830.3464354014,40928.89990763253,1128667.8479138769,1087738.9480062441,1.740623319450837e-05,60788.02182630715,6078.802182630715,0.10580904833415668,10.0
9,3,5.979558105702566,1.7649294997052578,1.4918883562089371,0.401234072865003,179396.76924034746,220937.1557254098,41540.386485062336,1319516.7726860128,1277976.3862009505,1.8818557898925366e-05,74116.02756856536,7411.602756856536,0.13947567560373958,10.0
9,4,1.0742970361460726,1.044049120615053,0.9901793370378503,0.020346432828785455,11237.30386946397,29537.71098840087,18300.4071189369,4004361.0639142063,3986060.65679527,3.135119416367114e-05,37982.03218916565,3798.2032189165648,0.11907820658933396,10.0
9,5,3.7510405695370155,1.5766792236087688,1.2072983960790815,0.3155726762541874,138548.62705721092,89960.19232815392,-48588.434729057,2297487.0692688846,2346075.5039979415,2.573202007559118e-05,62510.03807830529,6251.003807830529,0.1608509554756921,10.0
9,6,1.3748692178574193,1.113520146197627,1.0545281044940846,0.08724650294077074,24758.473826284626,30243.362616570506,5484.8887902858805,1655242.3674087941,1649757.4786185082,2.201163969378673e-05,25713.61252447926,2571.361252447926,0.05659987741144793,10.0
9,7,2.1397964291687974,1.27747744885548,1.1986381831470563,0.19601683050416618,66383.77347850885,61827.7586866799,-4556.014791828951,686920.6675413179,691476.6823331467,1.61742898269627e-05,16227.222529191436,1622.7222529191436,0.026246380027376098,10.0
9,8,3.255771803644892,1.4679644329981028,1.1403109103313451,0.28713879972807854,97731.13541953758,93959.13771023935,-3771.99770929823,2188072.0638391995,2191844.061548498,2.6676189729271373e-05,44277.36660939027,4427.736660939027,0.11811514323846,10.0
9,9,9.357839150969198,2.0601328648599204,1.9844527368474374,0.4734562437063844,272654.7406472569,275714.16471848835,3059.4240712314495,940672.9003265576,937613.4762553261,1.963758303714305e-05,55096.77987677958,5509.677987677958,0.10819675899094512,10.0
9,10,6.379068737261406,1.7825739630065505,2.586011098693494,0.4122650985121623,196070.32949342686,217677.6853061967,21607.35581276985,516066.55221698206,494459.1964042122,1.2772619177953002e-05,50012.298963400746,5001.229896340074,0.06387880488734514,10.0
9,11,4.046230411074762,1.5783994852716545,1.281132542576309,0.3303050602565506,160208.41803389884,191684.2702034582,31475.852169559366,2110771.972386184,2079296.1202166246,2.465156922351209e-05,65775.43540407765,6577.543540407765,0.16214676990702684,10.0
9,12,2.1686939060317303,1.2676454370185737,1.0397640064933305,0.199120279290256,75466.82635813055,-71608.96589795506,-147075.7922560856,4888654.898607062,5035730.690863147,3.661265086792976e-05,53526.73705304184,5352.673705304184,0.19597557358225004,10.0
9,13,6.6909837641241605,1.9060258500113456,2.079122309648758,0.4202749946775113,249952.31018719188,266473.4805134035,16521.170326211606,816453.0123557089,799931.8420294973,1.829649130867385e-05,49336.42993167761,4933.642993167761,0.09026835614459358,10.0
9,14,5.885904153659672,1.8000974055515315,2.278352425116826,0.39856221003470627,220769.59909745722,257819.73604645408,37050.136948996864,705628.3698696361,668578.2329206393,1.4867861200012943e-05,54208.65255017386,5420.865255017386,0.08059667219557126,10.0
9,15,3.278590752603261,1.4625122201830034,1.1227637944573878,0.2886499984334432,130095.82793935269,86455.33316608712,-43640.49477326557,3060333.8195482916,3103974.3143215575,3.1833641848308476e-05,48006.87425705583,4800.687425705583,0.15282336413558953,10.0
9,16,7.069032807678809,1.8940681709296368,4.101518468648945,0.4292910194835817,208456.81692143955,211722.19704482084,3265.380123381299,228117.91543842296,224852.53531504166,1.1990090461341958e-05,24317.36795272657,2431.736795272657,0.029156744153492946,10.0
9,17,7.387525868764429,1.9230244664204414,2.1743141287247365,0.43648890636249627,228607.5208002647,260542.7018413751,31935.181041110394,748865.6423007934,716930.4612596829,1.828214887062541e-05,44851.79151570841,4485.179151570841,0.0819987129604435,10.0
9,18,5.436486067561287,1.8121832225625487,1.918330043133565,0.38466505293657016,192644.05261505308,169887.27991592285,-22756.772699130233,766469.5766395712,789226.3493387015,1.7331421085142646e-05,48162.63401501431,4816.263401501431,0.08347268906838273,10.0
9,19,3.4119651475481905,1.5381269868679939,1.7962510032418044,0.29670321533800603,126067.19153167811,151465.90798484566,25398.71645316755,569941.7416186307,544543.0251654632,1.4210680834406308e-05,29496.630724871746,2949.6630724871748,0.04191672049214952,10.0
9,20,2.6498071341732863,1.3927680490545262,1.1486784192110933,0.2437926009732263,86974.10802445808,125037.35831719766,38063.25029273958,2650450.9350098665,2612387.6847171267,2.74608919257625e-05,60528.95356750207,6052.895356750207,0.1662179052296671,10.0
9,21,4.917987219553313,1.7323320157197162,2.1223591087850187,0.3667125537443068,171995.10927163012,202432.08766485905,30436.97839322893,586723.4414193507,556286.4630261217,1.593764467145713e-05,34711.01699177663,3471.1016991776632,0.055321185499984674,10.0
9,22,4.8181289473604485,1.7445842142379286,2.294122476968437,0.36300237222833154,184523.4912919625,222816.6593678045,38293.168075842,563873.9779993404,525580.8099234984,1.589422948047087e-05,31530.596469457563,3153.0596469457564,0.050115453594168316,10.0
9,23,5.0641575391989555,1.794320938987271,2.8101573194791793,0.3720388235637393,196023.55359316868,250230.48600443103,54206.93241126236,482376.4610096324,428169.52859837003,1.3434129260870535e-05,39102.07782485267,3910.2077824852668,0.05253023678676901,10.0
9,24,2.867864206742776,1.443016814561492,1.180095426456217,0.2608000743789882,126989.05976728525,166491.00355837826,39501.943791093014,2854145.6167575805,2814643.6729664872,3.0540219541794347e-05,61033.19124141372,6103.3191241413715,0.18639670598490948,10.0
9,25,1.6497561290030154,1.186916113593768,1.0095776807302002,0.13375797488523622,46449.78021762461,8533.591805808961,-37916.18841181565,3275194.482511257,3313110.670923073,3.3098220137403e-05,37204.97260994045,3720.497260994045,0.12314183736498578,10.0
9,26,7.872520110209451,2.0715114611500436,1.8340370246375395,0.44669047803053963,298896.5671515497,314336.4504100282,15439.883258478541,1463353.579614996,1447913.6963565175,2.5742812355785425e-05,77223.35657072926,7722.335657072926,0.19879463776841927,10.0
9,27,2.448587226076157,1.3862950317458116,1.228836245042457,0.2265080434945299,92407.41117345395,130548.4279875097,38141.01681405575,1443713.2475661293,1405572.2307520737,2.3005928777057386e-05,34971.01323493306,3497.101323493306,0.08045406397444012,10.0
9,28,5.6442473499263315,1.8728586371666642,1.835197870791766,0.3912294994617934,199262.73482256287,289540.2789727751,90277.54415021223,1134959.2587844788,1044681.7146342667,2.1146368402939516e-05,65403.55238109382,6540.355238109381,0.13830476135115619,10.0
9,29,3.2375873927579772,1.5580430906519218,2.1307927371393403,0.2860681287707245,159318.1036191581,207015.64437115705,47697.54075199895,580917.4043950038,533219.8636430048,1.5926730826746616e-05,29293.9357754074,2929.39357754074,0.04665566299509166,10.0
9,30,5.290699450263978,1.8477564648348175,3.500075553777076,0.3797991302533056,185538.44958535212,240062.34546492458,54523.89587957246,371880.4034942703,317356.5076146978,1.3629589264256874e-05,31936.537032855304,3193.6537032855304,0.04352818822805467,10.0
10,1,9.174080884761253,1.9609816525095018,2.1770593799309346,0.47041736769984377,229147.86363627377,249160.01573136132,20012.152095087542,734318.1261132745,714305.9740181869,1.6606359804419433e-05,52517.85516817946,5251.785516817947,0.08721303990791768,10.0
10,2,3.6357523484094916,1.5260743996625354,1.8729186810999585,0.3094386479910256,145905.8948289103,137420.46243788357,-8485.432391026727,453833.56497894006,462318.9973699668,1.288783758638449e-05,23957.544872650666,2395.7544872650665,0.03087609472872403,10.0
10,3,7.0993915136932895,1.8178374347816184,2.222652828269475,0.4300320399629738,236020.47523107068,265650.6828737468,29630.207642676105,808476.7543011613,778846.5466584853,1.6237834493864293e-05,59140.2348769283,5914.02348769283,0.09603093458598225,10.0
10,4,1.5856030792398739,1.1545958085868535,1.02956699743972,0.12382246479723968,34437.75475034152,-67644.54468129044,-102082.29943163195,3348530.261518022,3450612.5609496543,2.9999069578527288e-05,39684.30519988241,3968.430519988241,0.11904922328667847,10.0
10,5,2.773481738490189,1.4001745288621266,1.1559933551967365,0.2536807229812591,109332.31855686163,122181.89883960289,12849.580282741255,2832263.584123716,2819414.0038409745,2.6972116472792608e-05,59764.33975104919,5976.433975104919,0.16119707326848481,10.0
10,6,1.2360051397718723,1.0464489544753142,1.1059924993481691,0.05896620971433886,12715.275166565087,-1367.0508841813348,-14082.326050746422,720800.7949085045,734883.120959251,1.4830467387190418e-05,16127.139270765943,1612.7139270765942,0.023917301300377218,10.0
10,7,4.501202422666602,1.5900114070654878,1.1960356060724435,0.35039091521196164,129927.10170910301,71590.8531081746,-58336.248600928404,2100987.681860842,2159323.9304617704,2.610451634809166e-05,49587.19678873278,4958.719678873278,0.1294449789227513,10.0
10,8,6.8321128323673195,1.8333148482136241,1.5782991149785335,0.4237300256723353,235890.5851809709,267390.3415018233,31499.75632085238,1613425.9026479947,1581926.1463271424,2.149153414336687e-05,88002.90573987077,8800.290573987077,0.1891317453423929,10.0
10,9,4.045734721964177,1.60732098899467,1.3070431590231428,0.33025803520993224,144690.9758269823,156078.6076184235,11387.631791441207,1809239.4252265994,1797851.793435158,2.2606941306708056e-05,64505.23317915401,6450.523317915401,0.14582660204566517,10.0
10,10,5.8283835793750445,1.793302036392173,2.2577876850703427,0.3968425905973877,194009.4377756135,194955.01345130045,945.5756756869378,584230.8534203194,583285.2777446324,1.4289872632451358e-05,43986.372846086335,4398.637284608633,0.06285596655340907,10.0
10,11,1.578438915365516,1.1305322840995764,1.0341916264876907,0.12269559674987696,30645.006754031616,80880.49148179463,50235.48472776301,2776132.1132287825,2725896.6285010194,2.7458683629436487e-05,37484.5236598335,3748.4523659833503,0.10292756761754948,10.0
10,12,3.895712827133943,1.5912997558950708,1.5380643437319887,0.3229834706333309,154689.1052770875,168946.09018481412,14256.984907726612,1031222.9466802282,1016965.9617725017,1.7719835350027958e-05,43204.02837078293,4320.402837078293,0.07655682691882101,10.0
10,13,2.815141201378246,1.3745589670687883,1.0902887387761262,0.25684678020721796,91968.30140684219,8948.394131956664,-83019.90727488553,3468415.5780526265,3551435.485327512,3.1633157865087613e-05,54281.175817934265,5428.117581793426,0.1717085003751291,10.0
10,14,6.862374229529,1.9155952925496513,1.634692186326144,0.42446624757835105,238263.44550311344,268055.2129455272,29791.76744241378,1593198.0745465555,1563406.3071041417,2.1653065655484878e-05,87050.48193705801,8705.048193705801,0.18849098007247175,10.0
10,15,1.2564965247349686,1.0655414708399675,0.9932006910904029,0.06339167846421034,18538.321018432307,-52978.63389119763,-71516.95490962993,3126403.366714187,3197920.3216238166,3.067025523529534e-05,30810.386171048896,3081.0386171048895,0.09449624077640836,10.0
10,16,5.303101203723131,1.7415302564980435,1.8975000314778676,0.380301491411258,207656.73749587103,203758.53229379986,-3898.205202071171,814794.7198168267,818692.925018898,1.8665185759505737e-05,37584.24469536891,3758.4244695368907,0.07015169088697788,10.0
10,17,2.4034315558659847,1.3440485803463502,1.1839733725568808,0.22237720046031073,86162.5855230989,83261.35241094456,-2901.2331121543393,1963350.3457793111,1966251.5788914654,2.3869649598952698e-05,43662.77811056334,4366.277811056334,0.10422152140159688,10.0
10,18,4.125446604616118,1.7152013258877086,2.709250458592009,0.3340055667128503,175385.29960522562,189866.80179688137,14481.502191655745,369557.8630893422,355076.3608976864,1.110354607265509e-05,31417.357172006254,3141.7357172006255,0.034884407284043226,10.0
10,19,1.482864565096672,1.1653326420427645,1.1585665555138092,0.10684460445017985,39448.50165083528,50410.74969830639,10962.248047471112,719748.3880243321,708786.139976861,1.466716475937e-05,19802.481927383964,1980.2481927383965,0.029044626507338737,10.0
10,20,3.6862438481517836,1.5587914336505244,1.2991323474559457,0.3121656095128774,147552.1855783472,105197.1551720177,-42355.03040632952,1283698.4483974325,1326053.4788037622,2.280051758024325e-05,30915.241222536435,3091.5241222536433,0.07048835009919027,10.0
10,21,3.124003207440291,1.4781782931368965,1.3837031342049742,0.2787207648663905,121492.48941692604,192081.41634494887,70588.92692802283,1509880.1478896097,1439291.220961587,2.002125491718847e-05,50999.79559501622,5099.979559501622,0.10210799083323255,10.0
10,22,1.335879539114907,1.0795307689906264,1.0147993898531125,0.0797073145851317,22311.187440109163,16934.024480977925,-5377.162959131238,3909045.3031022074,3914422.4660613383,3.327339268487439e-05,38610.6172950145,3861.06172950145,0.128470623106242,10.0
10,23,7.580125673628607,2.0377433380816905,1.8095090916761123,0.4406511287128455,289827.2350167532,316249.5597481491,26422.32473139593,1455356.8771198906,1428934.5523884946,2.4323328726107527e-05,65432.33455576524,6543.233455576525,0.1591532182716523,10.0
10,24,3.998530430999682,1.6619983835103436,1.95093366506124,0.3280242528302796,176175.64247746658,207535.81569643042,31360.173218963842,800746.8919062119,769386.718687248,1.6605859144985943e-05,41284.37370242849,4128.437370242849,0.06855624945914893,10.0
10,25,5.757825472576474,1.9222777894836143,1.4935550142898557,0.39472565158736206,219043.9451115104,216892.82967684776,-2151.1154346626427,1707071.6485364435,1709222.7639711061,2.494277733567285e-05,68432.20685283745,6843.220685283745,0.17068892981190303,10.0
10,26,2.246055842384324,1.306045901934656,1.0737978465949496,0.20712533872229777,77212.9934261082,2722.157451009001,-74490.8359750992,3090244.3738712417,3164735.209846341,3.1802656940541616e-05,43309.0888872334,4330.90888872334,0.13773440962881073,10.0
10,27,5.19949084207462,1.8365536260533246,3.998011772835196,0.3766977427615499,183130.03054830042,232078.1781313643,48948.14758306387,327882.24624987115,278934.0986668073,1.1964711739055448e-05,32624.352717641803,3262.4352717641805,0.03903409759398544,10.0
10,28,2.058388191152564,1.325132540147619,1.3423216537829332,0.18703781735460412,91324.54224231848,76684.66573430989,-14639.876508008587,765007.5287939959,779647.4053020045,1.789342210198049e-05,21236.695439704938,2123.6695439704936,0.037999715555384464,10.0
10,29,2.5318210830643983,1.401425601659712,1.0441515690148053,0.23385918960169239,90113.27401878346,23614.15982730296,-66499.1141914805,3154489.0040415716,3220988.118233052,3.216293829380949e-05,45277.999127928895,4527.79991279289,0.1456273492018737,10.0
10,30,1.9778990778145948,1.3161889520152539,1.124824540153745,0.1776858009285719,86040.03721849916,78697.8954202305,-7342.141798268654,3331148.1065132013,3338490.24831147,2.9420686836280358e-05,62420.035578685616,6242.003557868562,0.18364403190699877,10.0
