EngineID,Cycle,Station1_Intake_Temperature_K,Station1_Intake_Pressure_Pa,Station2_Compressor_Exit_Temperature_K,Station2_Compressor_Exit_Pressure_Pa,Station2_Temperature_Rise_K,Station2_Pressure_Ratio,Station2_Temperature_Ratio,Station3_Combustor_Exit_Temperature_K,Station3_Combustor_Exit_Pressure_Pa,Station3_Temperature_Rise_K,Station3_Pressure_Ratio,Station3_Temperature_Ratio,Station4_Turbine_Exit_Temperature_K,Station4_Turbine_Exit_Pressure_Pa,Station4_Temperature_Drop_K,Station4_Pressure_Ratio,Station4_Temperature_Ratio
1,1,240.05208103555216,39779.10396839329,302.3702051337583,76228.31340190716,62.31812409820614,1.9162903584373039,1.2596025155431863,990.924428376197,74966.68327486744,688.5542232424388,0.9834493238701493,3.2771893908589496,937.086898383918,59230.69499453812,53.83752999227909,0.7900935776679239,0.9456693886530769
1,2,259.89102512552887,58203.85570456829,462.4393907087101,373737.9136899759,202.54836558318124,6.4211882385764705,1.7793588312076156,1008.6666523650736,350404.1912005826,546.2272616563635,0.9375666165120482,2.181186708206765,795.3695166838233,152476.3977215352,213.2971356812502,0.4351443320329831,0.7885355531670237
1,3,217.69794136602232,23132.70217239791,363.1024895127166,118005.7060648584,145.40454814669428,5.101250393724586,1.6679188017778317,1189.2539749880625,109746.61162267852,826.1514854753459,0.9300110586377873,3.275257012376976,1042.2361772011584,66876.77922041072,147.0177977869041,0.6093744329013162,0.8763781321072482
1,4,227.5960581682902,28176.0908337657,420.7598654675898,188014.3301635191,193.1638072992996,6.6728323411779416,1.8487133250632553,1711.6883268470326,181026.3142035223,1290.9284613794428,0.9628325354034493,4.068088397511098,1496.609769343458,116671.63215950307,215.07855750357453,0.6445009537582075,0.874347126091726
1,5,241.9859393149169,37542.90969305548,411.8646144413445,212538.5139446165,169.8786751264276,5.661215810982571,1.7020187850887898,988.374556442695,199843.62005270293,576.5099420013505,0.9402701484248561,2.3997559435479348,820.9579210419845,110707.08438471564,167.41663540071056,0.5539685698023278,0.8306141793013495
1,6,270.0526238992288,70983.43676983345,476.0699566949413,420142.1514064564,206.0173327957125,5.918875874787292,1.7628784709479017,1091.6908011493383,392515.7893780208,615.620844454397,0.934245202639263,2.293131053108814,861.8212226621505,178031.41527636573,229.86957848718782,0.4535649777515287,0.7894371022956502
1,7,253.8276757943832,52949.94815526623,493.2687552295922,453907.6537936711,239.44107943520902,8.572390901359682,1.943321403727353,705.2990638025743,426229.5615891972,212.0303085729821,0.9390226360513072,1.4298474337266558,443.8745079599042,94760.5199878232,261.42455584267015,0.22232273058327662,0.6293422616595908
1,8,265.94601851197206,64650.55827562353,282.7780767990974,79697.92261010055,16.832058287125335,1.2327491785968168,1.0632912588099814,4265.85098113165,76035.58527924151,3983.0729043325523,0.9540472673450225,15.085508146242779,4332.489577315309,73891.27318239807,-66.6385961836595,0.9717985718270146,1.0156214074233745
1,9,230.2075730791778,32232.33481007107,388.2526514246319,157197.86688886897,158.0450783454541,4.877023889679631,1.6865329243147702,1869.4130560472415,150293.56315443953,1481.1604046226096,0.9560788968001045,4.814939573980307,1706.4465651243122,107913.18020113782,162.96649092292932,0.7180159810985901,0.9128247818769856
1,10,260.67764305893473,56944.501462874105,353.6096107778111,154990.5774780049,92.93196771887636,2.7217830255139477,1.35650148830702,2322.6249742208024,145593.15309320673,1969.0153634429912,0.9393677697205057,6.5683310165464155,2209.405845519489,134994.35342103415,113.21912870131337,0.9272026228775513,0.9512538055183462
1,11,218.55684234646037,23178.62938477714,424.5426526072734,191471.34439023185,205.98581026081303,8.260684495692532,1.9424816356665717,1716.2405558884907,179215.061956199,1291.6979032812174,0.9359889466851306,4.042563321608378,1550.885894224396,117367.22577138511,165.3546616640947,0.654895991945533,0.9036529808733652
1,12,223.8604434956677,25593.57582753511,381.9190620362262,136957.86891410427,158.05861854055848,5.351259622219602,1.706058721551748,822.4323068400146,124865.74531141006,440.5132448037884,0.9117091723274549,2.1534204196437945,667.3306403261201,58267.83731387166,155.10166651389443,0.4666438915537168,0.8114110240758503
1,13,284.9581662998789,98627.09858888616,379.5437244125186,231758.8896602353,94.58555811263972,2.349850020695541,1.3319278732763236,4499.781613125184,223806.956154553,4120.237888712665,0.9656887659526673,11.855766078309491,4487.78478707593,209079.6161980937,11.996826049254196,0.9341962367501699,0.9973339092692274
1,14,283.01806051316885,89010.87376603372,551.7862835863504,694270.0183787101,268.7682230731815,7.799833761924506,1.949650430738768,920.186177788993,655630.2778512756,368.3998942026426,0.9443447945258133,1.6676496048582745,632.079827141252,171904.8823272342,288.1063506477409,0.26219790045484964,0.6869042835005437
1,15,246.1614755413323,46338.403276821744,455.2364896255286,294450.6307376216,209.07501408419628,6.354354270228048,1.8493409199161672,2055.748991199836,274834.10555953975,1600.5125015743074,0.9333792387235138,4.515782539512304,1842.11796195069,191656.19771991004,213.63102924914597,0.697352307602849,0.8960811703356545
1,16,286.8044354846267,94832.12677415783,459.37590007120406,397689.837294671,172.57146458657735,4.193619302051161,1.601704308704206,1129.566302429954,372779.9434919575,670.1904023587499,0.9373635143101323,2.458915024177083,959.9126639145716,221219.81234302168,169.65363851538245,0.5934327106517048,0.8498063919307624
1,17,266.13256082430416,67678.19175016454,307.2668124486878,99839.9568502882,41.13425162438364,1.4752160817010227,1.1545630173811754,986.5697886451524,94314.1877528057,679.3029761964646,0.9446537311132005,3.210791887294711,955.7143219443152,82407.70340307549,30.855466700837155,0.8737572296022238,0.9687244966793371
1,18,268.77471709813403,69682.15416348605,471.0877776906523,361687.6498702895,202.31306059251824,5.1905348537548,1.7527235551647904,705.5001756059294,356007.5112884604,234.4123979152771,0.9842954588472509,1.4975981314234137,460.8146472513118,83932.41781318051,244.6855283546176,0.23576024424151268,0.6531743905740834
1,19,240.8817999962071,38223.6499345947,458.2901498742673,233850.16066269483,217.4083498780602,6.117944284829963,1.9025519980400492,1675.7408954946984,225068.00827945807,1217.450745620431,0.9624453865742512,3.6565064642005525,1442.4745756768036,133698.91307633105,233.26631981789478,0.5940378381556671,0.8607980980561843
1,20,219.4577931423033,22995.59846821496,239.3501855984603,29143.836382846435,19.892392456157012,1.2673658579979863,1.090643363224099,1297.2327600767692,27524.834589915838,1057.882574478309,0.9444478835365849,5.419810963727592,1281.1132683876249,25819.47071608237,16.119491689144297,0.9380427203563194,0.9875739403249496
1,21,272.47402748481943,79125.67705708343,532.8296513341436,527838.4789703321,260.35562384932416,6.67088736049026,1.955524554955351,2377.184865917494,503561.56822054606,1844.3552145833503,0.9540069325806948,4.461435019551368,2104.769322098168,326921.0636999103,272.4155438193261,0.6492176614175764,0.8854041401133583
1,22,222.47376206043825,23784.94076430405,212.21018128247425,23345.18629517403,-10.263580777963995,0.9815112228578683,0.9538661068033014,6233.529063803641,22082.76713462279,6021.318882521167,0.9459237915436036,29.374316661584455,6202.0588805137095,21888.63834112293,31.47018328993181,0.9912090367879896,0.9949514660206414
1,23,244.22391134654265,43529.881136362426,460.4192673452207,259197.67546365337,216.19535599867805,5.954476986778035,1.8852341886045165,1187.8101102195333,241810.85856567905,727.3908428743125,0.9329206295277427,2.5798444905845295,940.1168399416928,104426.06810938216,247.6932702778405,0.43185020196691726,0.7914706499407878
1,24,220.2185034307347,23236.98160761747,335.6985385486447,74862.16270856529,115.48003511791,3.221681885052757,1.5243884293048606,622.3589976428133,71914.57740093062,286.6604590941686,0.9606265007449828,1.8539222730415008,481.7681972110104,28937.889599209047,140.5908004318029,0.4023925418886571,0.7741001560766518
1,25,209.78864910088123,19896.304885483,341.50972288150814,69169.38691507997,131.7210737806269,3.4764941185409874,1.6278751226301384,2653.81955420044,64828.151982695774,2312.309831318932,0.9372376259787588,7.7708462640790525,2448.526525544513,53414.57943725149,205.29302865592717,0.8239411089723666,0.9226424312342596
1,26,262.0773922706886,60297.7768376061,293.7779962275528,85986.65564245224,31.7006039568642,1.4260335977897063,1.12095894148749,5476.911447044728,81059.57792804514,5183.133450817176,0.9426995075271357,18.64302812795569,5409.513448257353,80178.96932219778,67.3979987873754,0.9891362794088435,0.9876941594840387
1,27,258.15977270584546,57142.92085494464,540.490967095593,460748.87608447263,282.3311943897475,8.063096341436028,2.0936296985024216,2005.8670020006111,429824.1546606543,1465.376034905018,0.932881612893726,3.7111943105717935,1759.2460910489035,249248.015515146,246.62091095170763,0.5798836868810386,0.8770502178331201
1,28,236.0281409660888,35817.338643840856,358.0035357456697,109174.7031140942,121.97539477958088,3.0480964596421196,1.5167832711825053,968.915668039242,101614.5134800482,610.9121322935723,0.9307514523200019,2.7064416166201557,850.0820714354945,63322.84155861424,118.83359660374742,0.6231672955955011,0.8773540355227958
1,29,273.9448017202961,74048.73075351464,257.27837398243406,63132.53153005089,-16.666427737862023,0.8525808732657362,0.9391613652341583,2896.8107640361186,60860.8152856953,2639.5323900536846,0.9640167091466266,11.259441356053895,2932.770789497168,61907.83364992893,-35.960025461049554,1.0172034889660724,1.0124136605357494
1,30,267.67752688389004,69164.99069391926,525.3284903073479,414803.54223645607,257.6509634234579,5.997304967076706,1.9625423785957894,1366.2702220183858,399178.4004604539,840.9417317110378,0.9623312238565813,2.60079216571528,1062.006184693107,162121.30798392242,304.2640373252789,0.4061374758677194,0.7773031773496528
2,1,279.73327167805866,78294.64076413686,326.3457999524504,134921.76459322782,46.612528274391764,1.7232567041169595,1.1666320491472946,2937.641245912947,129107.91308611304,2611.2954459604966,0.956909461385694,9.001621121953983,2842.028980548,119106.82059658518,95.61226536494678,0.9225369518376672,0.9674527087002304
2,2,260.7479182203412,58307.339469169885,435.5150112727247,309021.14085227833,174.76709305238347,5.299866940690611,1.6702530714155084,1436.1908643738473,289224.0063838774,1000.6758531011226,0.9359359867295792,3.297683953939506,1229.0018541652885,179070.98017510952,207.18901020855878,0.6191428658153451,0.8557371340062873
2,3,286.56159822334286,99920.55629351929,380.3073595518849,237096.90363174852,93.74576132854202,2.3728541195794595,1.3271400002992642,2001.1005736394936,219561.54904306,1620.7932140876087,0.926041401974933,5.261798183441375,1883.1347820222843,185429.3225011288,117.96579161720933,0.8445436976980097,0.9410495438504325
2,4,236.2214323908158,36701.718438076976,357.1235250993436,135791.91313328015,120.90209270852782,3.6998788861177667,1.5118167792179913,3524.5148754882275,129288.48017432012,3167.391350388884,0.9521073618531548,9.869175867111492,3374.2738456202146,113821.86051394812,150.2410298680129,0.880371247001138,0.9573725646860262
2,5,212.74241845073303,20596.69239686637,420.99850261559885,174187.60395592704,208.25608416486583,8.457066824109505,1.9789118958102558,1023.4753957017992,165310.58326397187,602.4768930862003,0.9490375865426036,2.431066593688824,842.8420596411248,77790.46502483317,180.63333606067442,0.4705715961368033,0.8235098402763129
2,6,277.3728486610291,85862.32147936837,404.9781810576858,280906.90681743185,127.6053323966567,3.2715969237441387,1.460049831887476,2592.653552758792,266410.8294759685,2187.675371701106,0.9483954399494894,6.401958609196011,2534.288497858314,224180.29445925876,58.3650549004783,0.8414834145452067,0.9774882938607925
2,7,251.58471549377455,49334.23993945499,368.2500880179625,161632.76673395548,116.66537252418797,3.276279657542467,1.4637220202157903,3367.0946232642677,152288.2742700949,2998.844535246305,0.942186892839362,9.143499846495699,3243.0540027853563,134669.2171751909,124.04062047891148,0.8843045718434286,0.9631609341709979
2,8,231.4492496630432,35311.51831539087,361.34906681137664,124479.0678203403,129.89981714833345,3.525168946532805,1.561245358701525,3157.710710756168,118619.8749109136,2796.361643944791,0.9529302957354788,8.738671276006048,2974.887109832707,103830.206427081,182.82360092346062,0.8753187988527218,0.9421024857341411
2,9,218.18121945157728,22958.365528194925,272.1101928935695,45888.6352765421,53.92897344199221,1.9987762290911675,1.2471751399022732,4936.041753594867,43315.17310411504,4663.931560701298,0.9439194005897448,18.139863490984705,4890.4492582440125,42483.59542295598,45.59249535085473,0.9808017001534259,0.990763348928795
2,10,284.7638841242119,95635.75895280264,515.982097435624,606385.4121899528,231.21821331141211,6.340571966278963,1.8119646703883152,2282.1046602930805,576710.0176665736,1766.1225628574566,0.9510618264773111,4.42283690002986,2037.7044947468487,379326.3156058272,244.40016554623185,0.6577418528996937,0.8929058032269017
2,11,270.26670849201014,69863.77152839357,343.8391197483652,148098.86329569473,73.57241125635505,2.1198234801209574,1.2722215091413305,4302.729431640896,137485.2829269901,3958.890311892531,0.9283344913491097,12.513786781416263,4201.023242322817,129150.69936002698,101.70618931807894,0.9393783582538859,0.9763624018349459
2,12,230.6797519080197,33101.681158438136,383.1692865036432,134885.14952362745,152.4895345956235,4.074873082065293,1.6610442977085675,1884.3867093003216,130141.00987763416,1501.2174227966784,0.9648283027245911,4.917896020568456,1697.8017090491055,93552.30046317236,186.58500025121612,0.7188533464673085,0.9009836997202683
2,13,245.5939430274989,43663.67133175133,399.3580089609255,188865.7316087064,153.76406593342656,4.325466133475751,1.6260906276349403,1717.8080241741782,183969.54678200005,1318.4500152132528,0.9740758432723501,4.301423749191053,1584.204425792494,139364.50813816366,133.60359838168415,0.7575411831791248,0.9222243716983957
2,14,294.51748519555514,99509.43280962686,382.3760228937355,235542.9229523604,87.85853769818038,2.3670411568215997,1.298313486005232,4478.414852961399,222042.28562852243,4096.038830067664,0.9426828997678333,11.712070278543528,4390.622416614461,208279.0944228183,87.7924363469383,0.9380154497745984,0.9803965377863811
2,15,247.13399075332555,41462.58933101656,423.9749658970364,210176.10172922027,176.84097514371084,5.069053938027832,1.7155671892994395,1412.1895161052296,200268.6444666714,988.2145502081933,0.9528611617541888,3.330832312510131,1186.2506791744993,112901.11713459068,225.9388369307303,0.5637483463038051,0.8400081332186476
2,16,282.5407808208456,98172.41348852689,377.8427456818866,211664.3353301729,95.30196486104097,2.156046977035045,1.337303395935153,3100.758757210158,198940.8936455924,2722.916011528271,0.9398885898054893,8.206479527916487,2978.727634074517,174876.3006037623,122.03112313564088,0.8790364685668874,0.9606447541744796
2,17,267.73577728524896,65477.46448168402,288.4095416726796,93608.56342169254,20.67376438743065,1.429630242445897,1.0772170406101707,1442.6820275743296,88164.83742349582,1154.27248590165,0.9418458547037672,5.002199369713126,1468.0601159476737,90315.04750880336,-25.3780883733441,1.0243885220927602,1.0175909090764885
2,18,244.99808088098143,43735.9853464655,346.2201146624863,113865.45346515604,101.22203378150488,2.6034729196825563,1.4131543945875964,3511.861593565793,108901.11442912612,3165.641478903307,0.9564017102206591,10.143436053648534,3485.0679389708894,95650.04863776136,26.793654594903728,0.8783202002952074,0.9923705266050367
2,19,277.82326638870023,81965.06168592387,583.0077849527795,712511.0480359447,305.18451856407927,8.692862951365369,2.098484380127826,1488.8047068371177,671705.6274392046,905.7969218843382,0.9427301222777931,2.5536617953698557,1154.0022615009573,278969.3233978437,334.8024453361604,0.41531485222385295,0.7751199712100391
2,20,275.89186436589034,77889.63654383353,457.81908631077295,357991.51116263,181.9272219448826,4.596137908040758,1.6594149572442958,1676.4854226817893,339025.2938159862,1218.6663363710163,0.9470204830135547,3.6618949991608067,1527.215991585708,224716.8535977348,149.26943109608123,0.6628321181242159,0.9109628815875401
2,21,242.5660519305488,42280.872562576646,423.21202005485344,199717.02405775856,180.64596812430463,4.723578581832077,1.7447289787114437,2413.6181836647224,187509.7887946945,1990.406163609869,0.9388773424766548,5.703094593938726,2195.2918378389845,133568.9396412271,218.32634582573792,0.7123304895163232,0.9095439588152913
2,22,266.97514673649255,70306.41092197872,523.1169598291282,479489.2509964254,256.14181309263563,6.819993293762783,1.9594219395464945,1847.2674925271929,456435.5553328507,1324.1505326980646,0.9519203076697406,3.531270508091704,1561.6993146040254,249922.47090776407,285.56817792316747,0.5475525909139808,0.8454104892342961
2,23,234.78833640874663,33591.33794170171,345.42518176846045,100754.35841010528,110.63684535971382,2.9994148665636966,1.4712195122295362,2282.228737467188,95781.63245995923,1936.8035556987275,0.9506450536868557,6.607013205531068,2167.0324105035875,82187.08854109171,115.19632696360031,0.8580673186526591,0.9495246356894774
2,24,288.84561716812186,95240.16702342444,388.6016763439724,224260.19323534315,99.75605917585051,2.354680805843044,1.3453611661269824,1142.895346662237,212175.36864345483,754.2936703182646,0.9461124847100874,2.9410458478068904,1059.3836885606174,148540.7244582457,83.51165810161956,0.7000846771608891,0.9269297417777482
2,25,268.5825899518449,72951.81198406439,501.31593303471584,349070.7239267646,232.73334308287093,4.784949330703611,1.8665243086850807,689.5358634680452,338362.7349740618,188.2199304333294,0.9693242995796193,1.375451722218243,402.832633319172,50125.12649861211,286.7032301488733,0.14814020965534105,0.5842083851782718
2,26,264.528362246519,59003.91467061021,361.0226994443885,133813.14535995893,96.49433719786947,2.2678689389843334,1.3647787949026977,1376.3587541469135,125757.46022878846,1015.336054702525,0.9397990002439552,3.8123884073359386,1253.9525509625637,91604.59432269345,122.4062031843498,0.7284227445118463,0.9110651908046904
2,27,239.21204260779533,39844.43557263012,322.0062816553767,81918.75141061086,82.79423904758139,2.0559646593885335,1.346112336757762,1273.648660231425,78042.65068068646,951.6423785760484,0.9526835960853973,3.9553534598263895,1156.369003380693,60476.65053990085,117.27965685073218,0.774917945667205,0.9079183604453193
2,28,242.592195420924,40514.16924806839,269.6796619258134,56300.12829191269,27.087466504889363,1.3896404476958868,1.111658441681892,4621.132839851067,52840.89180015973,4351.453177925254,0.938557218310107,17.13563717356744,4716.008262937436,52669.89949182711,-94.87542308636876,0.9967640154715917,1.020530771647202
2,29,288.9500082618006,89689.95648872964,494.36328763102495,350743.6655155604,205.41327936922437,3.9106236556111447,1.7108955649626127,811.5166710155557,332882.27291542874,317.1533833845308,0.9490756516617995,1.6415391096380174,549.8937161548107,81007.12477510986,261.62295486074504,0.2433506718926133,0.6776123470965268
2,30,224.87031769942948,25756.70703694213,426.7001099273824,147492.615101206,201.82979222795294,5.7263770127781255,1.897538609331831,2039.2858534954776,138958.0209726431,1612.585743568095,0.9421354477801709,4.779201612679527,1824.0046891697,88415.28681442859,215.28116432577758,0.6362733593610623,0.8944330614774919
3,1,212.18160914391893,19904.84805288901,299.6987519568485,64232.642396338175,87.51714281292959,3.226984814235514,1.4124633759072318,2850.633333442869,60397.930046542,2550.9345814860208,0.9402996326052626,9.511662343703424,2742.0728498999515,54049.57315221466,108.56048354291761,0.8948911512458231,0.9619170651415196
3,2,233.767604435784,32914.957486169274,379.3635395550087,148903.23710514815,145.5959351192247,4.523877546179929,1.6228234039127518,1355.149413680912,138041.24993257935,975.7858741259033,0.927053384575524,3.572165673249714,1203.09123040461,90716.84006317324,152.05818327630186,0.6571719693025107,0.8877923115036628
3,3,225.65185790044856,28017.571789633505,324.2153632929193,83446.84539770168,98.56350539247072,2.9783753575881615,1.4367945662382016,1022.5161299435048,80980.13645075542,698.3007666505855,0.9704397579658033,3.153817633927763,935.8916064277066,59416.06193986113,86.62452351579816,0.7337115562406152,0.9152829760049025
3,4,286.4920449800106,96691.31373224068,445.3042088136863,386590.7930275985,158.8121638336757,3.9981956817564055,1.5543335901168094,3219.9595759003614,362127.4236355584,2774.655367086675,0.9367202483006529,7.2309210471612255,3073.3989264694605,312620.86567643954,146.56064943090087,0.8632896744960642,0.9544836989483262
3,5,248.734795341728,48607.53015151854,302.358779745703,82933.9035082997,53.62398440397499,1.706194559768406,1.2155869842428073,3845.356505364221,79070.83496725369,3542.997725618518,0.9534199117896408,12.717859585881166,3766.845475851637,75374.25388544078,78.51102951258417,0.9532497527900925,0.9795828996861378
3,6,250.65415563932413,48462.30365205727,365.7521146008056,161609.81762103373,115.09795896148148,3.3347531058642366,1.4591903081275874,2992.5117648907726,150714.97171670245,2626.759650289967,0.9325854947136992,8.181803044821498,2829.3985879700044,129758.14910780264,163.11317692076818,0.8609506250759735,0.9454928870006558
3,7,263.3801164160232,60348.644902550805,290.3961698784358,84822.10646712812,27.01605346241257,1.4055345667511894,1.1025743849992808,2833.5127436492103,81815.70196774525,2543.1165737707743,0.9645563565372198,9.757403979657726,2806.7475653266174,77165.6145202481,26.765178322592874,0.9431638752017262,0.9905540646031743
3,8,225.16859715929655,28357.49782443448,405.3600782279366,166423.95426159454,180.19148106864003,5.868781346363851,1.8002513820395778,723.4962474798574,157052.14770175493,318.1361692519208,0.9436871536827657,1.7848236329603004,536.9059119231225,53052.4929658644,186.59033555673489,0.3378017667520989,0.7420990969798642
3,9,248.03865715461197,47402.38849921077,450.2002770310733,283421.07729878207,202.16161987646134,5.979046336525867,1.8150407770932508,1062.3180991688046,261788.14352082816,612.1178221377313,0.9236721065908994,2.359656698068807,880.5629379516562,123073.30054348342,181.75516121714838,0.47012557134273564,0.828907027603728
3,10,233.43369553531608,32162.945894102213,435.43471830994287,216214.50939599905,202.0010227746268,6.722472192313912,1.8653464629919554,2033.798291733167,203427.93499715888,1598.3635734232241,0.9408616265644716,4.670730665728651,1824.5342452293885,137090.74773594635,209.26404650377845,0.6739032559017079,0.8971067842104207
3,11,246.86626910456368,47917.17922998576,447.7124569380976,286725.9521622455,200.84618783353392,5.983781949810962,1.8135829514580735,1332.403196194336,273201.4340679651,884.6907392562384,0.95283120348092,2.976024400363198,1108.6597066055772,137658.2666820259,223.74348958875885,0.5038709520381957,0.8320752380151714
3,12,284.2499276422209,89894.78530879681,451.5997693320775,352226.18833744264,167.34984168985665,3.9182049006236954,1.5887418972380398,1464.411360294611,335834.0281343607,1012.8115909625335,0.9534612679413326,3.242719460332091,1295.2489543503382,206487.66943914845,169.1624059442729,0.6148503491032086,0.8844843665305624
3,13,220.13626879629655,24508.272153079542,256.9983070379453,38180.37196601021,36.862038241648776,1.5578565362557688,1.167450999525022,1986.3384630615783,36537.01141265121,1729.340156023633,0.9569579742486013,7.72899435002231,1957.7957504996943,33883.93501116482,28.542712561883945,0.9273866061040846,0.9856304889158263
3,14,248.61921737779048,45664.55625476103,428.296295498953,236629.6306583942,179.6770781211625,5.181910218030925,1.722699878216306,931.9621534012706,223505.65572183224,503.6658579023176,0.9445379055021722,2.175975284389423,711.8654615543877,93232.24985831388,220.0966918468829,0.4171359760772571,0.763835161069983
3,15,240.9877285540059,42615.606250428245,447.30131388267256,247430.15073276067,206.31358532866665,5.806092474168996,1.8561165606506445,1676.3654343626952,233512.12321553967,1229.0641204800227,0.9437496704584992,3.7477319702271363,1416.9695378392069,134900.51906606788,259.3958965234883,0.5777024216492181,0.8452629174962063
3,16,259.93691910551433,54952.18836117142,431.8082010487077,253483.2501267017,171.87128194319337,4.612796281390861,1.6612038125812627,2226.892192019656,241767.37512799367,1795.083990970948,0.9537804766474631,5.157132695977823,1976.1379045233396,168622.2429906619,250.75428749631624,0.6974565650199572,0.887397203872318
3,17,253.2103845403516,57475.98823624705,283.45973845559223,73973.82524529069,30.24935391524062,1.2870387707164177,1.1194633228418012,3751.556532691054,69779.19844320609,3468.096794235462,0.9432957970177209,13.234883208215427,3714.332091018012,69880.59422383214,37.22444167304229,1.0014530946598446,0.9900776007641978
3,18,246.06331623731515,44857.56030948672,452.4104471682125,259420.5898592823,206.34713093089735,5.783207737323571,1.838593635517317,2038.2073886883704,251027.7195372816,1585.7969415201578,0.967647632261752,4.50521733405183,1822.9920119497583,159251.54233707226,215.21537673861212,0.6343982355041108,0.894409480638225
3,19,238.2126137312873,39418.35096637507,347.34681603746253,115748.5359369552,109.13420230617524,2.9364124347995144,1.4581377979811039,2027.4340294984545,111319.08120769147,1680.087213460992,0.9617320885019546,5.836915543454381,1921.061373862028,89947.97255810579,106.37265563642654,0.8080193582471908,0.9475333578855135
3,20,239.9571471946176,37212.123740515446,452.167182909024,233672.19572347015,212.21003571440642,6.279464116396422,1.8843663887297892,2317.190213717326,224264.66014473973,1865.023030808302,0.9597404579967084,5.124631555102362,2108.024195086013,160343.84545616576,209.1660186313129,0.7149759812922836,0.9097329095414396
3,21,256.43605727886217,52999.74463640688,307.503346777904,89463.7178827174,51.06728949904186,1.6880028101354754,1.1991423906643073,3696.9706713267633,82671.88470655878,3389.4673245488593,0.9240828199755526,12.022537998576388,3589.7810892948487,82329.24312482886,107.1895820319146,0.9958554037694181,0.9710061043050021
3,22,251.8373079229964,47937.0820396874,338.49008222655954,115331.82106472722,86.65277430356315,2.405899903737222,1.3440823562569957,3665.381636641243,110146.89328660029,3326.8915544146835,0.9550433893242957,10.828623434195379,3625.1928041342658,104621.54337364456,40.18883250697718,0.9498365342127365,0.9890355666910025
3,23,248.8090921260045,46668.7491331081,450.1454847973603,214792.6607219065,201.33639267135584,4.602494489605394,1.8092003027340857,1026.4290929511149,202116.76520778495,576.2836081537546,0.9409854346441887,2.280216346973195,761.3979181757693,77544.8125068084,265.03117477534556,0.3836634354754734,0.7417930019760576
3,24,216.83521668578317,20850.60915550248,361.2708631076696,86077.12503026797,144.43564642188642,4.128278669860933,1.666107879658629,942.7675728595304,82272.21947987482,581.4967097518609,0.9557965539734837,2.609586515640364,752.8580932111552,36865.13334669068,189.90947964837528,0.4480872593416361,0.7985617185873752
3,25,236.9461324496036,37983.550256994335,423.9642480161954,166193.21308288554,187.01811556659183,4.375399665340196,1.7892853689281845,815.06249056492,156408.17740835535,391.0982425487246,0.9411225314619189,1.9224792995606192,590.8709722691046,51409.20424291553,224.1915182958154,0.3286861665083839,0.7249394728735116
3,26,246.83962851646663,46493.30786780922,437.7662107200988,219171.96573606512,190.92658220363217,4.714054038899955,1.7734843199656471,2912.434307289384,206788.64710306577,2474.668096569285,0.9434995320162808,6.65294450775131,2756.8468104052986,161262.90549858357,155.58749688408534,0.7798440956877499,0.9465781952593151
3,27,210.6731878547293,20309.014890129336,404.1575965028428,113234.69135588764,193.48440864811352,5.575587588491177,1.9184102192516859,796.8771090923157,108522.5590824588,392.71951258947286,0.9583861428242076,1.971698951071703,556.7551225064458,30978.193902177223,240.12198658586988,0.2854539568924009,0.6986712457340113
3,28,246.26748777604865,46881.89373130862,277.88553844720417,62929.86113953192,31.618050671155515,1.3423062963326107,1.1283890575921594,3558.6811988201043,59901.463091974736,3280.7956603729003,0.9518766132211474,12.806284266196972,3532.1352281648205,58581.34121253279,26.54597065528378,0.9779617757012882,0.9925405033010304
3,29,284.70635593479693,94777.79320782716,572.7923178279389,546774.9764062229,288.0859618931419,5.769019913844838,2.011870497050368,1813.6168308803983,517467.1094174087,1240.8245130524595,0.9463986680929595,3.1662729656670967,1470.981098104843,245434.5706423376,342.6357327755552,0.474299846648535,0.8110760073784566
3,30,232.9212190824493,31381.085052982373,224.0916543769966,33161.481092759255,-8.829564705452725,1.056734687050207,0.962092055244107,3293.6656233536705,31196.011981749318,3069.5739689766738,0.9407303580466708,14.697850451015151,3264.43883752049,32775.384934043694,29.226785833180656,1.0506273992078974,0.9911263652187554
4,1,257.2631947344958,58682.38268505439,401.52893244189926,240615.5137479386,144.26573770740345,4.100302386140502,1.5607709950748707,2658.8679509370304,225418.09181392044,2257.3390184951313,0.9368393928666691,6.621858939945169,2539.0593173035,184629.662752816,119.80863363353046,0.8190543237551015,0.9549399835402477
4,2,281.91745933910784,92243.742424581,360.1467800177379,204180.6176482136,78.22932067863007,2.213490175934187,1.277490159219018,3967.935466224912,189664.12241679733,3607.788686207174,0.9289036569747917,11.01755086087257,3901.2104296133966,181611.34221683716,66.7250366115154,0.9575418898558804,0.9831839410747782
4,3,263.673370908833,69527.98376590874,305.3307703718133,102420.7156485818,41.657399462980266,1.4730862323495302,1.157988648301476,5785.628417617019,96462.0538604552,5480.2976472452065,0.9418217130158365,18.94872374170357,5675.650364220472,93094.54740192852,109.9780533965477,0.9650898324910414,0.9809911654433823
4,4,210.93966444015683,19864.094740032066,357.1784393430229,110242.63095670695,146.23877490286606,5.54984419876609,1.6932730043493252,2199.9030659373893,102393.35981875136,1842.7246265943663,0.9288000379722609,6.1591149510138035,2072.396157426025,80398.2197858741,127.50690851136414,0.7851897811360882,0.9420397605305246
4,5,265.1881268947391,67402.77669165035,530.4080310398255,575835.3613173296,265.21990414508633,8.543199398915302,2.000119829084052,2056.421255788952,544424.96894964,1526.0132247491265,0.9454524774306453,3.877055277156138,1818.567364008984,346846.6914655376,237.85389177996785,0.6370881411532419,0.8843360079505137
4,6,224.90290471157888,27888.51707162786,353.6020686452944,110061.54590519966,128.69916393371554,3.9464825477282126,1.5722432269105753,2598.2420943702737,105115.13825192976,2244.6400257249793,0.9550578032264745,7.347926736753976,2411.4974391366773,85319.05565031501,186.7446552335964,0.8116723915239552,0.9281265376932256
4,7,285.75358076769913,100574.78435797773,497.2813598169631,528242.1703852705,211.52777904926398,5.2522326918951,1.7402454187309857,2502.530485202946,513981.7389538519,2005.2491253859826,0.9730039890207596,5.0324236688141,2291.080496311686,364327.62490752514,211.44998889125964,0.7088337917395086,0.9155055292466849
4,8,226.7622032180575,29993.038993211936,391.6734596005449,160721.2821812049,164.9112563824874,5.358619452252889,1.727243138592663,965.3672686518842,150430.3998096551,573.6938090513393,0.9359706304486336,2.4647247470799556,759.8091155051176,70357.74788759029,205.55815314676659,0.46770963832188467,0.7870674096566125
4,9,232.57205579533755,33889.4885268129,388.2156449872088,154774.55371549234,155.64358919187126,4.567037168266403,1.6692273870117782,1342.0971126859654,145541.2272190051,953.8814676987565,0.9403433815518537,3.457091773646025,1160.4552626684829,90837.56546883234,181.6418500174825,0.6241363165925715,0.8646581917951085
4,10,249.50644282421257,47996.46903282732,266.0267686069417,60039.61472044123,16.520325782729117,1.2509173264261786,1.0662120208028791,2588.9892476370983,57401.94483045722,2322.962479030157,0.956067841170107,9.732062909287022,2584.1453410437302,56435.54078045913,4.843906593368047,0.9831642629382599,0.9981290356467146
4,11,209.8026458529504,19143.731777519053,403.7427145467855,141954.07610395967,193.94006869383512,7.415172639989648,1.9243928640907928,1434.010356247976,131714.84771953232,1030.2676417011905,0.9278694302731492,3.5517925267275716,1250.0236354408978,83880.69610043858,183.9867208070782,0.6368355394454114,0.8716977740045956
4,12,261.7508874786595,63167.01269419467,404.72322170027,250542.56808204265,142.97233422161054,3.966351381772224,1.5462152797218962,2214.008601917314,232716.06492241996,1809.2853802170441,0.9288484056977286,5.470426412935023,2092.490017945425,191343.92711295295,121.51858397188926,0.8222205337510363,0.9451137706210107
4,13,227.52739797448723,30394.354417479408,449.5326013657588,242894.31033235436,222.00520339127158,7.991428506626511,1.975729540124065,716.8202248560153,232073.77728963463,267.2876234902565,0.9554516817297453,1.594590075732416,479.061315629338,56729.0126553161,237.7589092266773,0.2444438717628864,0.6683144518216755
4,14,287.6320358537754,96298.12149661175,517.319737955101,559265.9078923366,229.6877021013256,5.807651272948396,1.7985470096178466,892.25919757743,544023.1730415607,374.93945962232897,0.972745102757613,1.7247731569346587,627.1496220806129,158165.04845670814,265.1095754968171,0.2907321899036553,0.7028782934189804
4,15,252.46862673831967,50605.24760127445,479.1234463712004,347556.6138611728,226.6548196328807,6.867995520931309,1.8977543965009378,1404.889321618106,329349.05266681366,925.7658752469056,0.947612675264376,2.9322074138898837,1198.3207977179416,183925.55876535788,206.56852390016434,0.5584517619712919,0.8529645569074115
4,16,246.4384482396072,49981.14886640744,319.570091809414,102744.22355834402,73.13164356980681,2.055659501404516,1.296754195995839,4552.02129485544,97408.23784428516,4232.4512030460255,0.9480653458729115,14.244203107624307,4385.822259519105,91831.7337219736,166.19903533633533,0.9427512062046943,0.9634889591742094
4,17,274.4995395334957,78471.47464995769,502.5007418486717,415477.2194754012,228.001202315176,5.294627395862571,1.8306068662361243,1567.8157241488077,396598.3265816883,1065.314982300136,0.9545609433952836,3.1200266856938415,1355.2378880033823,221255.29856242685,212.5778361454254,0.5578825822827933,0.8644114656645395
4,18,231.91688064466916,29660.440170466496,336.14234655209555,93610.22081541095,104.22546590742638,3.1560631021457515,1.4494087089206549,2610.349326113329,89300.18616501862,2274.2069795612333,0.9539576489313998,7.765606901029875,2575.7128676071384,78913.06881820787,34.63645850619059,0.883683138939752,0.9867311021710023
4,19,219.17642702677145,25387.10182983889,344.2571702765715,90507.95308473844,125.08074324980007,3.5651156123051173,1.5706852007151388,3809.723551137637,85893.27484264273,3465.4663808610658,0.9490135608549759,11.066504578762897,3704.357444793682,77161.15987111788,105.36610634395493,0.8983376173801481,0.972342847209349
4,20,220.6311160644815,24220.34043130102,273.7077223070432,45510.182617617575,53.076606242561695,1.8790067277007694,1.2405671837650025,770.0422525169565,43161.41263141226,496.33453020991334,0.9483902315677355,2.8133742300961795,710.6888962445826,32412.844498351493,59.35335627237396,0.7509681106860225,0.922921948661425
4,21,248.8866690247703,49194.50889722069,423.9552726665135,226545.38259958825,175.0686036417432,4.605094911566182,1.7034069133864282,1527.8259184074043,214888.4163759929,1103.8706457408907,0.9485446752883123,3.6037431703537366,1363.894339036442,144268.80844462436,163.93157937096225,0.6713661484302413,0.8927027108285717
4,22,235.21545722910815,36668.36765274568,360.8139652510535,117804.95735411312,125.59850802194535,3.2127134338169006,1.533972169607918,2983.205161391573,112755.63245693163,2622.3911961405192,0.9571382647166232,8.2679869647392,2848.76900775178,96973.92020857542,134.4361536397928,0.8600361515919461,0.9549356660481633
4,23,267.7353432735667,67138.33756444273,490.174162513376,363460.845628762,222.43881923980933,5.413611042720474,1.8308160458760416,1607.5176965317278,344516.13928682613,1117.3435340183519,0.9478768990669055,3.2794827215884954,1397.0316321565012,196219.30194113724,210.48606437522653,0.5695503913033674,0.8690614325245954
4,24,277.9966175506692,86229.7085788167,438.468234139978,300543.3761767798,160.47161658930878,3.485380863859392,1.5772430542614797,2729.261779044933,284959.556828646,2290.793544904955,0.9481478529110308,6.224537073701979,2569.0148066384136,224133.55092236164,160.2469724065195,0.7865451273744761,0.9412855983120111
4,25,287.798668464775,100569.95537574944,569.1137204219796,701579.0182108537,281.31505195720456,6.976029924539732,1.9774716938679513,1272.1339192953708,671962.1730208334,703.0201988733912,0.9577854462273568,2.23528949249743,990.0177047790228,268979.2064561829,282.116214516348,0.4002892086127049,0.7782338712636395
4,26,229.94050831580648,31046.01621036786,426.0177237689363,158893.4615914357,196.07721545312984,5.117998409675925,1.8527301991688743,1857.01084569116,153847.54757391897,1430.9931219222237,0.9682434131211053,4.358999032393231,1626.253290371602,94289.59287110878,230.75755531955815,0.6128768014700108,0.8757370987600923
4,27,247.4486020095167,46259.75872841984,356.1589541772729,118803.11806574676,108.71035216775621,2.5681741827321654,1.4393249801571937,1888.3724245075175,111125.67711409571,1532.2134703302445,0.9353767722880616,5.302049555007419,1783.2510281245477,88242.60801089964,105.1213963829698,0.794079373035438,0.9443322752341159
4,28,248.55464807113597,48221.16740502384,502.29221462544393,316849.7964410254,253.73756655430796,6.570761627973671,2.0208522291713034,1495.7021155724012,301559.92597336124,993.4099009469574,0.9517441051267647,2.977752933494573,1214.615652537903,141049.4773471168,281.08646303449814,0.46773282919421005,0.8120705586306354
4,29,241.27679837233865,39697.5954746836,306.49774388912505,70805.28535413105,65.2209455167864,1.7836164761990634,1.2703158611054568,2460.7041238439733,67516.54397269759,2154.206379954848,0.9535523179521854,8.028457543015808,2384.519878823449,60251.485851950594,76.18424502052449,0.8923958826493719,0.9690396564616173
4,30,244.08977079002767,45851.356062830186,437.8485965477326,208305.3769386026,193.75882575770493,4.543058151936911,1.7938014982380448,2230.9227849942263,200098.1107768935,1793.0741884464937,0.9605998352883222,5.095192270990914,2052.384023900489,148648.11978585456,178.53876109373732,0.7428761781344106,0.9199708917338439
5,1,262.5447160757972,58931.13411095867,390.55792566869394,206169.86190790252,128.01320959289671,3.4984879388154138,1.4875863110341137,2688.483981800762,196203.05656439412,2297.9260561320684,0.9516573118336732,6.883700995691415,2513.5898707842707,162206.6833133319,174.89411101649148,0.8267286257087204,0.9349469395390088
5,2,271.63455303870774,83038.90352309981,417.3088576672663,290276.4566939988,145.67430462855856,3.4956682275224114,1.5362878286246597,1472.3147832515028,279520.7823010383,1055.0059255842366,0.9629467903960988,3.528117738697573,1319.371939876396,187505.9837543828,152.9428433751068,0.6708123174628302,0.8961208261202517
5,3,222.4493892292845,28978.81857979322,413.8244207528655,181094.7628429204,191.375031523581,6.2492113798316415,1.8603081904905823,1996.502031657857,173314.56887187235,1582.6776109049915,0.9570379957492393,4.8245147737430445,1822.5376352974376,121655.214417476,173.9643963604194,0.7019329950698664,0.9128654047920188
5,4,289.3423723112189,96551.73208279956,500.9659618598398,591775.2534600055,211.62358954862088,6.129100335067203,1.7313950869283565,1400.4671429394225,551497.1043896339,899.5011810795827,0.9319367465353233,2.7955335283462732,1193.2592190286225,307681.30186060845,207.2079239108,0.5579019353168371,0.8520437091612918
5,5,209.11536989556453,20585.811256710807,233.8804057363678,27040.96900218348,24.76503584080328,1.313573153128388,1.1184276213325273,1008.8887312860458,25232.9446274012,775.0083255496779,0.9331375893135972,4.313694976325954,988.3506124891117,24450.442058974928,20.5381187969341,0.9689888524712043,0.9796428306115047
5,6,273.19034990575454,80272.72568133275,461.57288705901146,394722.3508671944,188.38253715325692,4.917266076577069,1.689565122700144,2371.8668621994866,378360.1951492839,1910.2939751404751,0.9585476837529892,5.13866158238243,2203.025474029529,281644.39682981634,168.84138816995755,0.7443816776727586,0.9288149807812623
5,7,243.99573013858543,38581.12176370781,365.1729405600936,142640.8423346159,121.17721042150816,3.697166795932673,1.4966366024220241,3338.702797514716,133483.17724203403,2973.5298569546226,0.935799137591327,9.142799004750715,3254.7746876112574,117911.0303069857,83.92810990345879,0.8833400039106604,0.9748620602091526
5,8,220.01788200651305,24396.960336219687,389.6575782629856,136693.01084223713,169.63969625647258,5.602870560858474,1.7710268579508044,785.1636311545476,127652.0762599991,395.506052891562,0.9338595695088425,2.015009266994492,602.6215566647353,51419.56079649953,182.5420744898123,0.40281021901883707,0.7675107872464846
5,9,259.0697620103518,57509.21706498453,421.0105931310844,244360.06011758628,161.94083112073264,4.249059065461858,1.6250858064796534,2047.928125300538,237880.24198580143,1626.9175321694538,0.9734824990275958,4.86431495718423,1872.636675061049,175929.53562215087,175.29145023948922,0.7395718709276062,0.9144054676168067
5,10,229.7059432916797,32030.118778702068,301.05942216833137,71260.87729211303,71.35347887665168,2.2248083993836714,1.3106296591814663,2051.738621926898,67634.75060255462,1750.6791997585665,0.9491147621619339,6.815061980620255,2032.0127089936332,61624.63340271932,19.72591293326468,0.9111386211039227,0.9903857573657511
5,11,224.6467037579645,29361.75155848817,417.0600911361554,190584.26601327493,192.4133873781909,6.490902480175064,1.856515515961,829.8832116395384,180916.51898515347,412.82312050338305,0.9492731103655321,1.989840862928817,637.7904516782381,73740.55126393837,192.09275996130032,0.4075943516799023,0.7685303699760392
5,12,246.61520172093944,46753.91179985608,470.37572244266926,318812.52594254643,223.76052072172982,6.8189486968987225,1.9073265522979759,769.5618955822707,302497.373869972,299.18617313960146,0.9488252476142842,1.6360578551671896,543.051171380882,90550.61811339953,226.5107242013887,0.2993434850522787,0.7056627601994188
5,13,238.211839063594,37602.55630369893,450.3538832677078,257926.81912175368,212.14204420411377,6.8592894865602965,1.8905604567683953,1421.9878644522166,243904.75747458293,971.6339811845089,0.9456355035319082,3.15748995908387,1216.4253313473969,145118.03486726884,205.56253310481975,0.5949782873029504,0.855440022911864
5,14,221.30812942201004,27867.67129632716,372.3252056989496,121861.15480084596,151.01707627693958,4.372850300444973,1.6823837726673239,934.4945488778594,117610.25767480946,562.1693431789098,0.9651168813147748,2.509887954331682,795.4429985080941,60938.30914495261,139.05155036976532,0.5181377062657757,0.8512013253188707
5,15,279.755205948353,88292.88315661512,393.9184150503152,219987.0922506517,114.1632091019622,2.491560864089528,1.4080825188398405,3419.595132388012,212405.51928594723,3025.676717337697,0.9655362826648661,8.680973018108908,3321.1273414208085,186377.49658739,98.46779096720365,0.8774607044767162,0.9712048394166357
5,16,236.65208224221124,35496.25276968531,472.8541642096179,287523.4938279163,236.20208196740668,8.10010836054978,1.9980984732078377,2311.1217626210723,264332.0911358661,1838.2675984114544,0.9193408427836848,4.887599470513585,2069.060557386052,183481.90069872775,242.06120523502022,0.6941340338597725,0.8952624612212142
5,17,258.361935361554,58570.17275245536,280.00070150751867,72029.72079938579,21.638766145964667,1.2298020889201866,1.0837536927244455,4920.244865001082,69281.78573867772,4640.244163493563,0.961849983170676,17.57225906403296,4806.068945770744,67301.97616873114,114.17591923033797,0.9714238085979168,0.9767946672649365
5,18,237.7784524141184,36464.61048790312,360.3868735928741,120598.51169462544,122.60842117875572,3.3072754673914084,1.5156414298012972,2570.447369846549,114823.3952093618,2210.060496253675,0.9521128710121469,7.132466685649491,2413.1512660991752,98421.477991334,157.29610374737376,0.8571552671115362,0.9388059426570698
5,19,261.793662301374,55202.206335830015,444.9604834124471,251571.5825803585,183.1668211110731,4.557274052596541,1.6996610212061338,685.3449012563278,238137.3616615011,240.38441784388073,0.9465988138204515,1.5402376768389594,476.23703625943807,69669.46083081356,209.10786499688976,0.2925599760773565,0.6948866700349453
5,20,249.40954246011523,46094.07689617688,364.8170280286956,133010.69219503377,115.40748556858034,2.885635230197351,1.4627228149742344,663.5407957640177,125919.55780762364,298.72376773532216,0.9466874860179482,1.818831756153184,531.5866736702428,57939.79778117662,131.9541220937749,0.460133427959582,0.8011363838724647
5,21,250.67606042050477,48911.32201246328,465.25043797808246,278229.8922718984,214.5743775575777,5.68845577719207,1.8559827260634019,2011.104273854984,264461.8452230739,1545.8538358769015,0.9505155720817742,4.322627363006857,1709.951586565724,159385.49455606058,301.15268728926003,0.6026785997111179,0.8502550607622171
5,22,237.91820865249105,36830.907775610685,413.0751124412072,167619.93017205,175.15690378871614,4.5510670329729805,1.7362063827765046,1105.622182148211,161053.22320349672,692.5470697070039,0.9608238294705587,2.676564500858361,876.4222979459269,77175.32874122454,229.19988420228424,0.47919145737127317,0.7926960150555667
5,23,233.81413163065005,34758.04546572312,317.0884433842321,75416.67106954605,83.27431175358205,2.169761563374405,1.3561560251846894,3191.4580779630974,71360.60305169351,2874.3696345788653,0.946217885776048,10.064882983123564,3031.215005022092,63521.929710356,160.24307294100527,0.8901540485068604,0.949790011641551
5,24,241.91677577661065,40567.380838803096,404.5494578416986,152065.72487339203,162.63268206508795,3.748472830366699,1.6722670701235918,2547.106347014369,147896.04110798356,2142.5568891726703,0.9725797265039173,6.296155631015725,2290.746129409891,109615.47979175887,256.36021760447784,0.741165747037983,0.8993523698352939
5,25,229.39613451776776,29179.64552531568,223.0842563215039,28925.23985506898,-6.311878196263876,0.991281399562377,0.9724848101319031,899.0369140021486,27308.4751390814,675.9526576806447,0.9441053998484217,4.030032996620243,922.1646316805528,29483.27278735176,-23.127717678404224,1.079638194267317,1.0257249922869673
5,26,237.0654636316947,35896.47554881417,318.49783302453363,77932.74376731121,81.43236939283892,2.1710416573162905,1.3435016140493259,1824.285657506176,73461.41681367361,1505.7878244816425,0.9426258240440253,5.727780437883396,1725.8853561436497,60366.98077747069,98.4003013625263,0.8217508373216454,0.9460609137841708
5,27,269.97513942977315,70993.85575248799,518.322961730824,365428.6702001618,248.34782230105083,5.147328121946036,1.9198914493593655,821.6965989583495,342481.22931698104,303.3736372275255,0.9372040489581417,1.5852984714674359,512.5592570794212,69670.16505390417,309.1373418789283,0.20342768914036294,0.6237816460834615
5,28,215.20304704401752,21084.33008952903,360.8576706888918,86747.85665656581,145.65462364487428,4.11432833237831,1.6768241697576065,2558.887286643327,82722.60189581035,2198.0296159544355,0.9535982222973944,7.091126209838656,2380.4675481823992,67536.97345272302,178.41973846092787,0.8164270937438146,0.9302744832129852
5,29,223.1996484405607,26573.53889904076,379.4222323318691,108527.0186783276,156.2225838913084,4.084025808178871,1.6999230732789945,1926.6829924368635,101644.8821579966,1547.2607601049945,0.9365859616882175,5.07793910914438,1721.782227445999,67711.30498381035,204.90076499086445,0.666155575630065,0.8936510231339581
5,30,287.30996930197267,102258.8421196256,598.6564307338689,680745.5213179317,311.3464614318962,6.657082235701186,2.083660487620116,1045.713021493401,638220.0369662355,447.056590759532,0.9375310111928957,1.7467665388835851,674.3948583964111,143066.91382555978,371.3181630969898,0.22416550020213266,0.6449138956243426
6,1,235.27215112214887,32692.47647088897,417.4412245562896,194038.71818687345,182.16907343414076,5.9352713264061014,1.774290848131711,1626.4411456392093,181826.54283884427,1208.9999210829196,0.9370632033537349,3.8962159220570527,1455.925793774688,118789.5480777188,170.51535186452134,0.6533124714525528,0.8951604536556981
6,2,234.3824929794532,32529.83640582443,437.93998482821047,240230.6338280774,203.55749184875728,7.38493212296218,1.8684841997418375,1717.8061925309391,228260.61903196384,1279.8662077027286,0.9501728209871853,3.9224694068635415,1487.098246007655,142008.1231422952,230.70794652328414,0.6221315080303427,0.865696172521436
6,3,254.5463761458152,57004.26151621834,450.76599204061006,330447.1452153105,196.21961589479486,5.7968849420370905,1.770859985774819,1915.9372639422215,312382.9665274547,1465.1712719016114,0.9453341360353236,4.250403308530011,1726.130437992415,210207.5816312144,189.80682594980658,0.6729162731500589,0.9009326508117176
6,4,276.0693599662463,77698.88906820184,474.7688483803323,472012.7671699826,198.69948841408603,6.07489724538614,1.7197448077482416,1614.0509943116597,450765.3390589299,1139.2821459313272,0.9549854800783364,3.3996564850831588,1414.5504173471993,280772.1836581432,199.50057696446038,0.6228788225916302,0.8763975997861574
6,5,243.79519545471095,44157.06582279051,350.88916463330565,125569.81188314788,107.0939691785947,2.8437082388372446,1.4392784237558496,1783.7435147464814,120450.20426120884,1432.8543501131758,0.9592289934566183,5.083495572200329,1693.3040210676895,97078.5183624356,90.4394936787919,0.8059639164406123,0.9492979271228656
6,6,233.50232739625,34946.08218688412,319.6370680672495,94146.6502601694,86.13474067099952,2.6940545082190726,1.3688817222144005,2303.95659115137,89203.99269090091,1984.3195230841206,0.9475004415387089,7.20803943385763,2269.4299879532737,79894.08336848044,34.52660319809638,0.8956334908160438,0.9850142127978018
6,7,252.82479057367627,52941.95608404339,384.1183111231284,186667.126931652,131.29352054945215,3.525882697558905,1.5193063554073887,1393.5107388766503,177646.4634166869,1009.3924277535218,0.9516751360389877,3.6278164787358,1275.7653634126357,126061.25602610066,117.74537546401461,0.7096187202466949,0.9155045080176902
6,8,239.5117664373292,37281.72517478877,245.164493124417,40651.3291100772,5.652726687087807,1.0903821891151935,1.0236010396114168,6687.485278785575,38440.54139102191,6442.320785661158,0.9456158564196305,27.27754412378054,6571.717578373725,38283.9430012208,115.76770041185046,0.9959262178904255,0.9826889038875203
6,9,234.79664329805613,33479.962691585635,368.318792425368,143559.09296390487,133.52214912731185,4.28791078073647,1.5686714565072204,705.9526130007885,135583.5051198088,337.6338205754205,0.9444438685183015,1.9166890952050317,567.3234161393979,63672.864263904194,138.6291968613906,0.4696210221710927,0.8036281836650192
6,10,214.0133822183627,22861.633709582635,299.76396362749654,61563.88367010663,85.75058140913384,2.6928908253963337,1.4006785955171746,2112.766490817358,57857.069274976806,1813.0025271898612,0.9397891397658895,7.048100329507251,2022.3066720728707,49822.40302559072,90.45981874448717,0.8611290487044929,0.9571841852198767
6,11,284.68842167938755,93062.90550003028,495.4189021694359,535093.8572909096,210.73048049004836,5.749808201407762,1.74021443951581,1815.0319694399643,510296.5254520831,1319.6130672705285,0.9536579770054336,3.6636308414797094,1559.076444154594,303758.6187618277,255.9555252853704,0.5952590378559234,0.8589801559449409
6,12,259.99069829650904,58486.50466432319,480.03417899906174,381210.8039783034,220.0434807025527,6.517927617083984,1.8463513585074565,1875.5704689421684,364839.9053516154,1395.5362899431066,0.9570555229394292,3.9071602627400295,1620.0852399493028,244532.61230913937,255.4852289928656,0.6702463429088724,0.8637826553448772
6,13,215.17472712400905,21368.73651133723,386.3216684616454,120801.3076754287,171.14694133763635,5.6531797100561985,1.7953858876697972,1055.5212307934253,113880.83174196036,669.1995623317798,0.9427119120923557,2.7322340861608154,850.9072280209704,56201.984131811376,204.6140027724549,0.49351575038684303,0.8061488515786192
6,14,281.715179700272,91001.75350866793,481.2480789381457,444649.25148567953,199.53289923787366,4.886161357795448,1.7082788348507334,2350.748303077682,404772.50070439855,1869.5002241395364,0.9103186373348359,4.884691297395956,2168.71848527238,291181.79870129365,182.02981780530217,0.7193714943445254,0.9225651603929769
6,15,263.53492796076137,63580.63334002526,550.8858782162184,620861.8291790943,287.35095025545706,9.764951944702469,2.0903714072323716,1203.9013249977895,593076.2492252017,653.0154467815711,0.955246757574659,2.185391516834758,903.1493954317672,214861.9628772207,300.75192956602234,0.3622838769178797,0.7501855647790947
6,16,252.83191393385223,51923.47315647716,330.2175001296601,113280.1912036316,77.38558619580786,2.1816759226072793,1.3060752299492304,3425.9165643470897,108200.43046170913,3095.6990642174296,0.955157555015147,10.374727453880856,3386.224159046741,100950.7561135635,39.69240530034858,0.9329977309959853,0.9884140770638081
6,17,250.1799441484501,46642.576015963685,349.16340028017333,127935.72412098345,98.98345613172324,2.742895762815431,1.3956490456045074,921.292012849504,118270.81832709204,572.1286125693307,0.9244549881567738,2.6385698275084017,813.280617716289,76483.72432823452,108.01139513321493,0.6466829722671713,0.8827609556723044
6,18,218.27690623495727,24560.161622820397,370.2821779547365,116918.0353794682,152.00527171977922,4.760474999107183,1.696387329020313,856.7658327440993,110168.8595622269,486.4836547893628,0.9422742967298738,2.313818713815686,702.3806358853872,52138.55597632626,154.3851968587121,0.4732603766936221,0.819804675958846
6,19,226.9499890472926,28948.559658729668,352.5559814672892,97886.56549214764,125.6059924199966,3.3813967480979374,1.5534522955796328,1920.251828702836,94061.83474932214,1567.6958472355468,0.9609269083699508,5.44665792000185,1778.9046700884978,69221.14179483135,141.34715861433824,0.7359110310712942,0.9263913427907939
6,20,221.3671889461476,25398.248350468213,382.7667843225268,128599.39231269452,161.3995953763792,5.063317380717076,1.7291035141420312,821.6039806840886,124390.22811064188,438.8371963615618,0.9672691750220881,2.1464871413497284,665.2302265026275,55408.321467754366,156.3737541814611,0.44543950364388835,0.8096725942694919
6,21,273.412198370343,74288.48851648266,400.6635807170025,222774.9011763478,127.25138234665951,2.998780909735698,1.465419550060801,891.7725695960929,213333.2700248401,491.1089888790904,0.9576180660314434,2.2257390302363707,730.696100826281,106987.8087684565,161.07646876981187,0.5015055024281916,0.819374945741191
6,22,229.2975679401393,29570.823404207604,421.2975070554696,177536.50992317437,191.99993911533033,6.003772958784531,1.8373396230938397,1874.4497289280785,169912.67575661687,1453.1522218726088,0.9570576543953885,4.449230526021796,1640.2217439227263,106953.74695830973,234.22798500535214,0.629463025533836,0.8750417355074667
6,23,245.94266160772645,40003.91680275363,467.1460001809941,273976.7433007111,221.20333857326767,6.848747952646781,1.8994102004396558,1495.5824425676103,262170.2490624698,1028.4364423866161,0.9569069472977758,3.2015310887563033,1256.6653417310383,131985.3672586408,238.917100836572,0.5034338096356287,0.840251467230118
6,24,271.6930840349811,77656.76331716451,469.0400623494313,342471.4353185897,197.3469783144502,4.410065790662345,1.7263599624385042,1345.341124854092,320971.5362504016,876.3010625046606,0.9372213362898792,2.868286171793622,1098.3391123112328,160942.1553481826,247.00201254285912,0.5014218931320619,0.8164019459602504
6,25,269.2013021941591,73936.26550786202,375.787168706847,193884.9915569189,106.58586651268791,2.62232600233646,1.3959336958771982,2791.3381679796057,186717.91729642716,2415.550999272759,0.963034404040564,7.427976260033347,2702.577640759155,158854.77780394375,88.76052722045051,0.8507741522831533,0.9682014425057297
6,26,264.1878243053062,61662.68092544374,542.1168457666666,505728.9142418756,277.92902146136043,8.20153951550293,2.052012984293229,1197.5245266801082,485186.428184284,655.4076809134416,0.9593804398382357,2.2089786289274187,887.423675250835,161562.75341211975,310.10085142927323,0.33299108142150013,0.7410484340650922
6,27,264.77353714473605,64326.25623996333,369.5090644039896,160309.01043773984,104.73552725925356,2.492124053352669,1.3955664466649507,785.5214015688039,152134.92929904506,416.01233716481426,0.9490104697398192,2.125851507420619,684.5089094078952,88639.61573239573,101.01249216090866,0.5826381629833387,0.8714070782041436
6,28,234.4302990021401,33427.44544879601,306.58149904687986,71789.10506551764,72.15120004473977,2.147609669290578,1.3077725036049248,2721.127152398936,66184.13632605487,2414.545653352056,0.9219245213553303,8.87570567975742,2588.007538779744,60238.874855103226,133.11961361919157,0.9101708989347171,0.9510792380643316
6,29,235.08927290540984,33440.30216309966,336.57878620648944,91451.00422455146,101.4895133010796,2.7347541232885395,1.43170627075747,1166.2320930190674,88525.36650881941,829.653306812578,0.968008686831384,3.4649601841026003,1044.4820729194448,60321.72467602608,121.75002009962259,0.6814060992339013,0.8956039532538983
6,30,214.02186300956112,20740.19648261112,345.36056040941264,76843.02124741001,131.33869739985153,3.7050286052900367,1.6136695361538096,1484.4799923629346,73288.26865557267,1139.119431953522,0.9537400724993338,4.298348342390736,1312.1541081836808,48231.16516628771,172.32588417925376,0.6581021226324238,0.8839149836536682
7,1,272.4581145859294,74400.2074764946,541.7832130790291,696979.7377952158,269.3250984930997,9.367981104292134,1.9885009257382877,1041.8207585586208,665616.5273742125,500.0375454795917,0.9550012594050211,1.9229476539847166,776.0410347526841,239077.66814156808,265.77972380593667,0.35918228936517616,0.7448892032314195
7,2,270.0433968646733,75176.41961493214,416.7664879828626,289800.6478712435,146.7230911181893,3.854940809307723,1.5433315267905499,1342.8250096912102,280149.1559435873,926.0585217083476,0.9666960995479063,3.2220081230389788,1203.9419191144714,178417.97951420696,138.88309057673882,0.6368678103393408,0.8965739470337422
7,3,264.9582011490056,60902.91330169863,361.5687878687855,171372.01293209183,96.61058671977986,2.813855752403098,1.3646257647463744,1180.1299077216345,162373.96591863062,818.5611198528491,0.9474940694252871,3.2639153248756294,1095.9161158610127,129638.78853066496,84.21379186062177,0.7983963919168543,0.9286402358675874
7,4,253.66952436884668,51212.664589865126,453.4845192342841,310141.7233648303,199.81499486543743,6.055957561446758,1.7876980704031975,734.9281496434596,299480.74579026405,281.4436304091755,0.9656254648394231,1.6206245604246814,518.9921585950698,88471.93995030168,215.93599104838984,0.29541778960394804,0.7061808135215011
7,5,249.2946379758577,48497.51436912063,422.8722988941333,250556.9029700483,173.57766091827557,5.16638648865648,1.6962751478637308,1818.211137741739,239831.49424182143,1395.3388388476058,0.9571937208630449,4.299669527884897,1722.3947475623895,171982.00861607207,95.81639017934958,0.7170951803463439,0.9473018351992081
7,6,234.78784948573423,37063.49254827991,380.0975242329303,161685.1594520877,145.30967474719608,4.362383260063046,1.6188977626630765,1450.375761954147,153506.69271233596,1070.2782377212168,0.9494173320082894,3.815799023898224,1302.5400819964389,102731.68430785554,147.83567995770818,0.6692326079903871,0.8980707732191253
7,7,278.1082189032447,82715.11911542124,491.061938130944,499084.75755967095,212.9537192276993,6.033779107097031,1.7657224948888945,1323.9542082028563,475666.4831055354,832.8922700719123,0.9530775602752491,2.6961043106741815,1087.431699998054,241815.79154418447,236.5225082048023,0.5083725680342568,0.8213514434718558
7,8,241.20177369772105,38069.09050067051,322.9361342881685,95831.4403042062,81.73436059044744,2.5173031202969858,1.338863016375985,2686.664949749103,92552.72669897096,2363.7288154609346,0.9657866604652154,8.319493127243813,2594.7877353408726,83537.77752190059,91.87721440823043,0.9025966116979824,0.9658025038005538
7,9,253.08509935610536,52271.28139437943,503.8766545817796,434656.3205375003,250.79155522567422,8.315394399040647,1.9909376563998973,1772.8724280641989,410148.7817579169,1268.9957734824193,0.9436162834368148,3.518465108362071,1508.8101190688144,239168.77712091035,264.06230899538446,0.5831268743401401,0.8510539704857871
7,10,254.60491239261103,51697.948540144265,347.79513267405486,145356.56505221318,93.19022028144383,2.8116505423680698,1.3660189405055185,897.9197729974647,138372.33414960577,550.12464032341,0.9519510460356667,2.58174910641712,825.403824595751,101325.57057318982,72.51594840171379,0.7322675533075735,0.9192400584301216
7,11,273.8055350160051,71603.26410390329,465.2436878678809,387694.1045655742,191.43815285187583,5.414475295469665,1.6991756132347196,2673.100833035157,369004.262572461,2207.857145167276,0.9517922976567934,5.7455929069891205,2545.7681847419663,278606.0062056826,127.33264829319069,0.7550211053482696,0.9523651907479257
7,12,224.19804890696585,25974.867694827804,453.7893792495862,247411.7431655031,229.59133034262035,9.525043440924572,2.024055880334144,1774.708662840551,233366.82275490093,1320.9192835909648,0.9432326039544251,3.9108642555172124,1550.3061265257168,145413.75412060655,224.40253631483415,0.6231123704903452,0.8735552820508232
7,13,215.59774428142072,22213.84484743544,245.0191784456117,33185.49904190313,29.42143416419097,1.4939106341032338,1.136464480471498,1559.0070574095669,31139.885162772585,1313.9878789639552,0.9383582004734188,6.362796036211625,1514.900715489907,28819.705564605,44.106341919659826,0.9254917098749825,0.9717086964359568
7,14,220.56095051370505,26777.53141456896,267.3421817212425,45941.25929898455,46.78123120753747,1.7156644721174374,1.2121011498117868,877.1989752508443,43909.92857385289,609.8567935296019,0.9557841740490436,3.2811843219170664,843.0241641254648,40004.9785451835,34.174811125379506,0.911069087208794,0.9610409814767432
7,15,225.0787508036653,26102.43015536477,380.3254386926854,135148.89171471374,155.2466878890201,5.17763636988171,1.689743866689756,1546.3189515528854,127878.30692146266,1165.9935128602,0.946203148978842,4.065778394598418,1369.513199341742,82994.7712309281,176.8057522111435,0.649013685189779,0.8856602306829474
7,16,216.49443750707343,22095.326491365227,383.46642584095423,127525.00635039796,166.9719883338808,5.77158280056347,1.7712530181216568,2009.4359315363577,122589.49695190304,1625.9695056954033,0.9612977129761223,5.240187396144525,1896.06625946774,91138.681705036,113.36967206861755,0.7434460860932768,0.9435813452475003
7,17,278.8889175491151,87163.25001528024,451.34130150771455,354874.6266995581,172.45238395859946,4.071379011651659,1.6183550980588137,1327.0662819258234,337487.2937336916,875.7249804181089,0.9510042937485444,2.9402722008660236,1133.464231293176,190949.30946604343,193.60205063264743,0.5657970329890994,0.8541127498532369
7,18,221.4990058166999,26724.75656729646,382.1155744894452,138297.74718214356,160.61656867274527,5.174892681768367,1.7251344902453536,1456.6180873834464,129060.56542930358,1074.5025128940013,0.9332080099564148,3.8119830350533936,1327.1655143594455,88496.85358392716,129.4525730240009,0.6857001849445926,0.9111279928862209
7,19,258.0810695789463,56545.812990694176,370.1304911590234,164044.92060075875,112.04942158007708,2.9010975689350484,1.4341636593605385,3562.642995235114,158274.41618934428,3192.512504076091,0.9648236325130827,9.625370187900717,3401.303400407428,137817.67863064012,161.33959482768614,0.8707514578083694,0.9547135104349577
7,20,272.9754419995905,86609.4261546739,552.3182186572653,620139.7646969573,279.34277665767485,7.1601878944384545,2.0233256684610255,1682.2227969462456,595692.8963707768,1129.9045782889802,0.9605784538939751,3.045749244042463,1372.2304824543698,306050.23506501905,309.99231449187573,0.5137718393649005,0.815724578780761
7,21,232.61091236400492,34915.64099119416,270.4273434574074,56519.850854148215,37.816431093402485,1.618754496542186,1.1625737619489873,2765.204634480761,53876.01761185714,2494.7772910233534,0.9532229260633827,10.225314493452041,2784.847902433981,52609.490941883,-19.643267953219947,0.9764918283474724,1.0071037303020103
7,22,255.93307406835743,55329.33230949517,448.6848161334842,278758.0086745551,192.7517420651268,5.038159635024494,1.7531333836659366,2165.7165545004755,267379.87954752205,1717.0317383669912,0.9591827722506197,4.8268104393712585,1968.868700241156,193157.22449970283,196.84785425931955,0.7224074781788977,0.9091072865235946
7,23,254.1714554307868,48080.90105293074,360.81784768280806,143015.59504502517,106.64639225202126,2.9744782629506843,1.419584457551576,2395.5919739409296,134157.92283782657,2034.7741262581217,0.9380649907137053,6.639338905560111,2308.5969558127263,113511.12016079613,86.99501812820336,0.8461007576720697,0.963685377529008
7,24,272.4928509397114,86197.77272651739,394.41037323887696,252000.81697400575,121.91752229916557,2.9235188915325843,1.4474154895393554,3149.940682455813,233889.45679530423,2755.530309216936,0.9281297561008711,7.986454962096124,3075.183257793124,210171.4991806716,74.75742466268912,0.8985933015553149,0.976267037319444
7,25,268.30957953148624,71768.42371229586,482.5939382485553,374167.6666226757,214.28435871706904,5.213541656183411,1.7986459488000601,2210.460221848054,356088.38492185023,1727.8662835994987,0.9516813361667156,4.580372952611722,1974.9412308475644,230903.5167793928,235.51899100048968,0.6484443934616643,0.8934525088157506
7,26,282.1041824044454,96545.39198034607,443.3841531624207,336047.1026150846,161.27997075797532,3.4807161245302556,1.571703579093884,3232.84304835096,325157.58974919864,2789.4588951885394,0.9675952782180091,7.291291367300408,3091.089683068063,264314.74074907566,141.753365282897,0.8128819657967927,0.9561521041501833
7,27,272.3481972100212,72129.73608969737,550.3060958152814,575322.9960101071,277.9578986052602,7.976224885873154,2.02059753452641,834.8788005728796,561076.8377686151,284.5727047575982,0.9752379822459909,1.517117122491624,541.7560059196247,117898.30239094012,293.1227946532549,0.21012862134858026,0.6489037756712482
7,28,229.15252786276707,27560.335348896435,292.6392778824495,62400.39883551532,63.48675001968243,2.2641378649993076,1.2770501840490402,1317.8203730834327,59279.32014998476,1025.1810952009832,0.9499830330610933,4.5032245248117,1269.6490903004708,49942.633260161456,48.17128278296195,0.8424967279280496,0.9634462452039264
7,29,269.195863331183,73117.08346299066,359.1994434421544,165633.9449324833,90.00358011097143,2.265324833646045,1.3343423594895398,2942.301347367244,154592.99009371988,2583.1019039250896,0.9333412312116094,8.19127479478145,2875.5023868223625,137575.81356863247,66.79896054488154,0.8899227156757173,0.9772970363471937
7,30,238.61790701296184,41101.07701370087,373.4253403216665,142649.17687074476,134.80743330870467,3.4706919437462247,1.5649510340453279,2123.4322079145886,136243.84377384806,1750.0068675929222,0.9550973006826348,5.686363453764214,1981.5196312173423,109962.73543331004,141.91257669724632,0.8071024156940098,0.9331683035755505
8,1,282.96580443834915,85715.08726195157,533.6333759095794,691973.5671811383,250.66757147123025,8.072949457152351,1.8858581762866127,2426.423488619078,663533.4374300874,1892.7901127094985,0.9588999766755453,4.546985998548598,2191.6135650712345,462626.5638379742,234.80992354784348,0.6972166551692709,0.9032279712716274
8,2,237.3471036223495,38687.66620001476,334.1694384938483,118246.42734649288,96.82233487149881,3.0564373341922537,1.4079356073607534,986.0689729585288,111597.55030384344,651.8995344646805,0.9437710111683417,2.950805368087786,881.919131739487,79976.2852640569,104.14984121904172,0.7166491114393441,0.8943787462386549
8,3,265.1004333192548,67190.39810541521,524.0963705259296,556750.6348668159,258.9959372066748,8.286163656797035,1.976972892740509,756.4657905372994,532166.8279984624,232.3694200113698,0.9558441332101321,1.4433715497365258,494.5662133054088,124874.25535447376,261.89957723189065,0.23465246006433638,0.6537852993380313
8,4,231.65981824834952,33455.90018882768,460.4581992154389,292466.56911279395,228.7983809670894,8.741853229537691,1.987648107026517,1844.756032840691,275986.984575358,1384.297833625252,0.9436530999511251,4.006348537139562,1639.9136775676354,180842.6346452841,204.84235527305555,0.6552578373343733,0.8889596501507984
8,5,260.8531959748509,60193.27197335092,305.6363959879543,92932.7371912835,44.7832000131034,1.5439057247532109,1.1716797060727635,4813.901305391853,90145.2002610948,4508.264909403899,0.9700047904060858,15.750419022679413,4790.563813849837,86395.27638850396,23.337491542016323,0.9584012918965221,0.99515206273218
8,6,247.20324592257128,45952.524652540254,384.884687486696,195192.1867693036,137.68144156412473,4.247692335626947,1.556956447114166,1487.232811094036,185173.73971827485,1102.3481236073399,0.9486739340500884,3.864099714659196,1306.5851811856924,120646.15387214709,180.64762990834356,0.6515294990299344,0.8785343971967269
8,7,257.2952707958012,54656.38742090325,464.24198564396346,348654.6601938611,206.9467148481623,6.379028630430827,1.8043160459501904,1276.0296355254509,335271.7021941239,811.7876498814874,0.9616154334713439,2.748630401783745,1073.9338958782714,175282.47799641942,202.09573964717947,0.5228072540847185,0.8416214372921211
8,8,285.99196101898974,96714.68702558444,434.1322864584535,358109.67260168126,148.14032543946377,3.702743436547012,1.5179877256396983,2274.601816719353,334278.93422893604,1840.4695302608993,0.9334540779096695,5.23942099601715,2114.240796087625,263778.21404875314,160.36102063172802,0.7890961321185157,0.9294992998541538
8,9,289.43640114378496,96017.96205901864,498.7400763305981,526474.6915090883,209.3036751868131,5.483085458380006,1.723142197593993,1204.5923236614783,509626.2362936974,705.8522473308802,0.9679975970599908,2.4152707609223576,954.7313610489164,242956.99514468928,249.86096261256193,0.4767356502514782,0.7925763283522473
8,10,283.7530924257137,99943.27220453048,314.8751427550394,132140.09020459905,31.122050329325702,1.3221509291208604,1.1096800393020332,4860.577521968095,124038.93227873536,4545.702379213056,0.9386926563064981,15.436523440497288,4853.931653025346,122809.77136551969,6.645868942749075,0.9900905232685046,0.998632699733167
8,11,255.69511789198887,56482.68702160312,375.2477212816725,161918.471726183,119.55260338968364,2.866692083261788,1.4675591946193718,2155.825025961023,154106.27239053417,1780.5773046793506,0.9517522661104418,5.745071598563538,2032.0806759671143,126677.81487215306,123.74434999390883,0.8220159563079155,0.9426000030133493
8,12,275.5650563932135,80522.63073276465,472.8627720999009,402184.27471059415,197.29771570668737,4.994673808476868,1.715975088746943,1901.3390554504597,374773.2033525226,1428.4762833505588,0.9318444974563063,4.020910859628356,1668.8835483569214,253240.27082277997,232.45550709353824,0.6757160558904068,0.8777411601433361
8,13,245.8262669868915,44084.1308173861,401.4450512215443,179281.17539802074,155.6187842346528,4.066796193411961,1.6330437594895058,2544.2233532864907,173309.54990080794,2142.7783020649463,0.9666912854405643,6.337662764915783,2399.2546437975816,134037.2805026533,144.9687094889091,0.7733981224887392,0.9430204469660078
8,14,268.3565769821163,67330.89473699931,357.01662839370016,169318.35109785025,88.66005141158388,2.5147200517566763,1.3303815110799104,4566.41275729753,165170.68866170765,4209.39612890383,0.9755037631228429,12.790476392774394,4537.048702220798,153710.3113830762,29.364055076732257,0.9306149452333888,0.9935695574102875
8,15,242.41998376352535,40101.62768059718,404.5889243415003,183355.39511680885,162.16894057797492,4.572268152734453,1.668958631464008,1285.1376758665704,174520.5792660902,880.5487515250701,0.9518158936905549,3.176403501302541,1142.7801369632962,114765.47519900344,142.3575389032742,0.6576042532154411,0.8892277912502392
8,16,252.55090033190848,54379.92112767248,474.6902670630875,333666.03988472983,222.13936673117902,6.135831626187044,1.8795825571765459,1987.2495568576269,318737.67870955553,1512.5592897945394,0.955259572774228,4.186413109231744,1796.95169684752,219672.18096303436,190.2978600101069,0.6891942673749815,0.9042405824907976
8,17,267.3394745830582,81516.69658255136,347.9628211618438,159006.20059399997,80.62334657878563,1.9505967152750792,1.301576662797462,2180.922939646444,153588.47596719165,1832.9601184846001,0.9659275889457813,6.267689554775902,2074.8373716766723,130927.03048795144,106.08556796977155,0.8524534777981587,0.9513574890514154
8,18,212.40793758054176,20855.35565772362,240.33194432172183,28880.880211937656,27.92400674118008,1.384818398013838,1.1314640453612603,930.9549801389986,27476.28748295922,690.6230358172768,0.9513659999739945,3.873621472860761,897.8540933454647,24211.446200033177,33.10088679353396,0.8811760400690634,0.9644441594924474
8,19,213.4022972084334,19937.529003631083,421.0948465237472,146294.76809377343,207.6925493153138,7.337657944830063,1.9732442060474036,780.5597221180496,138074.37729151495,359.46487559430244,0.9438093999575617,1.8536434928182641,562.5426640633862,43183.40653660345,218.0170580546635,0.3127546716754752,0.7206913809707296
8,20,264.8996934834512,64603.01553546031,351.8334774345352,142672.77954278435,86.93378395108402,2.2084538679850305,1.3281762345886405,1036.4983916114234,137391.0033814271,684.6649141768881,0.9629797906910941,2.945991379698318,946.7362373647932,96610.67069195736,89.76215424663019,0.7031804726234169,0.913398655537633
8,21,273.9305916584099,72211.24008555594,413.4046476798272,233642.69598966668,139.47405602141725,3.235544711776818,1.5091583790515106,3144.898165388141,219241.5416653596,2731.493517708314,0.9383624886568507,7.607312068305037,2908.7338956520275,186967.8657804485,236.1642697361135,0.8527939749020185,0.9249055907961439
8,22,255.24267440569133,54571.46916366502,501.39142141911367,366918.1985907168,246.14874701342234,6.723626910067132,1.964371446062288,857.4562816506168,360393.1784196317,356.06486023150313,0.9822166897249935,1.710153474951196,553.5277560375979,85417.77180158516,303.9285256130189,0.23701273197276534,0.6455463303295746
8,23,245.78971833968447,43781.864867861615,328.153516086351,97665.98147871844,82.3637977466665,2.2307405537312057,1.3350986294424192,3311.5066775308646,92151.69566066434,2983.3531614445137,0.9435393395472539,10.091333827608503,3180.498275653322,82792.89812139129,131.00840187754284,0.8984413963066344,0.96043843040799
8,24,269.4811809580776,68975.33739666741,447.9616455938185,285362.4071596006,178.48046463574093,4.137165803459891,1.662311423755808,1684.8565830942996,264541.71612929966,1236.894937500481,0.9270377228817807,3.7611625898481815,1456.219422016112,170546.19891013578,228.63716107818755,0.6446854636218439,0.8642987400991203
8,25,272.0273968255537,77034.26130505785,498.0011188892898,372991.0819083502,225.9737220637361,4.841885618027737,1.8307020715588034,1516.5277001163397,355913.8898721557,1018.52658122705,0.9542155486698991,3.0452295036981187,1245.1543242986625,181252.2421262416,271.37337581767724,0.5092586922959017,0.821056103494279
8,26,243.14615875525843,42640.59697941377,388.7845013994935,148897.92047963303,145.63834264423505,3.4919286085867576,1.5989744744058614,2084.4584288080623,143181.86568050794,1695.673927408569,0.9616109158495134,5.361475113603327,1984.411965626188,108813.68880984095,100.04646318187429,0.7599683681496707,0.9520036179185962
8,27,213.69887974229425,21818.21267453088,429.45722985841854,155905.6260825687,215.7583501161243,7.145664423033261,2.0096372539543195,1116.558759527975,145814.840278523,687.1015296695566,0.9352763203125105,2.5999300556567113,879.9597631741362,66377.02809340927,236.59899635383886,0.45521448959942323,0.7880998251683046
8,28,209.88855061556396,20107.57922287741,425.1408502723176,127857.16539899864,215.25229965675365,6.358655310109586,2.025555224548737,998.7021846385968,120718.7685603358,573.5613343662792,0.9441689731163182,2.3491089694130616,751.0431909181493,47930.10033414417,247.65899372044748,0.3970393411542173,0.7520191729528773
8,29,229.4804642363422,31217.25200935189,342.7133532558757,83425.44382205924,113.2328890195335,2.6724147210993174,1.4934314970834068,1264.9759296248244,79425.4577429249,922.2625763689487,0.9520531639284289,3.691061108670521,1123.3564667191729,53404.5289866224,141.61946290565152,0.6723855361271693,0.8880457251485773
8,30,252.1874278312237,48037.49714847127,322.5169331641682,91507.4721717508,70.32950533294454,1.9049175665610816,1.278877920036571,1652.3844722041906,86676.42931762016,1329.8675390400224,0.9472060287594523,5.123403772920941,1522.3411483467823,70837.41569495687,130.04332385740827,0.8172627351246525,0.9212995970096853
9,1,266.9827530799117,64196.6906956801,513.4474591437069,557010.4895534089,246.46470606379518,8.676623101864829,1.9231484177182967,934.9739845409508,531497.9596444237,421.526525397244,0.9541973977376256,1.8209730477588448,675.8751644274519,179460.92596451874,259.09882011349896,0.33765120393797843,0.7228812518877623
9,2,275.9109207200469,78960.97297481933,474.7615001245336,418901.0866443095,198.85057940448672,5.305166221519296,1.7207057222872688,1597.496024617894,394173.7478908897,1122.7345244933604,0.9409709367156264,3.364839028014821,1357.931705506224,241473.71124265404,239.56431911166987,0.6126072893862424,0.8500376117249047
9,3,233.65911110602065,33218.92683378048,412.3918580659243,198634.50321167256,178.73274695990364,5.979558105702566,1.7649294997052578,1727.0245487241891,185953.20264748196,1314.632690658265,0.9361576143159936,4.187824068166035,1506.9051735786682,124642.84064794956,220.11937514552096,0.6702914436178837,0.8725441538696537
9,4,253.9633919424956,55370.69932168659,265.1502560259786,59484.57817062325,11.186864083482988,1.0742970361460726,1.044049120615053,4251.537336376096,55858.90390015799,3986.3870803501177,0.9390484999310994,16.03444552570805,4222.132208419883,56412.91613624406,29.40512795621362,1.0099180649351143,0.9930836481889448
9,5,239.30541891302772,40948.06318870798,377.3078820971637,153597.84626480888,138.002463184136,3.7510405695370155,1.5766792236087688,2665.738171354989,147102.1955699296,2288.4302892578253,0.9577100144771529,7.065153679107378,2576.1326054717742,121844.10751117572,89.6055658832147,0.828295641945421,0.9663862089510207
9,6,217.3719284051148,22594.933718182918,242.04802149692352,31065.07884865838,24.676093091808724,1.3748692178574193,1.113520146197627,1891.7827763234752,29557.28102558985,1649.7347548265516,0.9514632545948407,7.81573327732208,1861.640044724909,28028.917294499337,30.142731598566115,0.9482914639622196,0.9840664943270357
9,7,238.31058022415309,38893.377910807525,304.4363920600203,83223.91117185852,66.12581183586721,2.1397964291687974,1.27747744885548,988.6877448806132,78006.72289197306,684.251352820593,0.9373114264107115,3.24760038768851,927.1002435543684,65079.45766183114,61.58750132624482,0.8342801139326911,0.9377078337977359
9,8,208.1710370983759,19662.664034415924,305.5876784407444,64017.14714779388,97.41664134236851,3.255771803644892,1.4679644329981028,2486.6186319772496,61614.89707411808,2181.030953536505,0.9624748964815658,8.137169157687168,2392.9618502375915,54033.41888241196,93.65678173965807,0.8769538122803943,0.9623356872922704
9,9,256.0210883323427,56931.66495408463,527.4374581706638,532757.3632371941,271.41636983832115,9.357839150969198,2.0601328648599204,1463.8379154149702,503546.4967900118,936.4004572443064,0.9451704125313477,2.7753772371269725,1189.3760171063266,253745.7745604772,274.46189830864364,0.5039172671799838,0.812505267544707
9,10,249.5254639644588,43828.39099525274,444.7975951701735,279584.31880228606,195.27213120571471,6.379068737261406,1.7825739630065505,958.7632510435355,270386.7578437806,513.965655873362,0.9671027295167807,2.155504574337291,741.9717271271496,104557.46225543486,216.79152391638593,0.38669594283845904,0.7738841954148471
9,11,275.52930540161145,78429.42234611134,434.89531382316,317343.5138198623,159.36600842154854,4.046230411074762,1.5783994852716545,2534.568402512474,302595.4714038972,2099.673088689314,0.953526567351439,5.827996582053531,2343.8920485829385,236193.72808639237,190.6763539295357,0.7805593619447352,0.9247696950137462
9,12,280.4543134433428,81331.00345515001,355.51663072863033,176382.05156462945,75.06231728528752,2.1686939060317303,1.2676454370185737,5217.967893169773,165009.0637910884,4862.451262441143,0.9355207195252869,14.677141495393794,5289.193028478839,158698.5727151605,-71.22513530906599,0.9617567003233387,1.0136499757697432
9,13,274.40566630144474,80823.542048775,523.0242933601409,540789.0076073599,248.61862705869612,6.6909837641241605,1.9060258500113456,1335.1209162631062,516332.47490133153,812.0966229029654,0.9547762022489461,2.5526938867135507,1070.0692717186766,248341.55860150405,265.05164454442956,0.4809721849259256,0.8014774232686824
9,14,274.4890626304987,77449.28641278844,494.1070494934326,455859.076595009,219.6179868629339,5.885904153659672,1.8000974055515315,1196.0546124626137,430779.7410874831,701.947562969181,0.9449844550757807,2.420638632233299,939.5797552561198,189075.11249731007,256.4748572064939,0.43891365926354586,0.7855659310753164
9,15,279.7955928384269,82009.18747240386,409.2044736795474,268874.5636755305,129.4088808411205,3.278590752603261,1.4625122201830034,3453.378763208624,259456.6632588542,3044.1742895290768,0.9649728844263546,8.43924977690494,3367.3799415324584,231087.48655744203,85.99882167616579,0.8906592864292374,0.975097193915601
9,16,232.3070090502998,31130.021442557456,440.0053117260359,220059.14288118348,207.69830267573613,7.069032807678809,1.8940681709296368,667.2931718507705,207235.9603140615,227.28786012473455,0.941728471722506,1.5165570825341597,456.3413708283097,50526.64321717068,210.95180102246076,0.24381214119691713,0.6838693846703457
9,17,246.6812379669048,41815.0592884712,474.37405601724106,308909.83219749935,227.69281805033626,7.387525868764429,1.9230244664204414,1220.243342555365,290210.5911123588,745.8692865381239,0.9394669928369734,2.572323100466977,960.7431222780864,133472.2463872187,259.5002202772786,0.45991514601733885,0.7873373193466086
9,18,236.2969338178698,35714.01988885946,428.2133390077166,194158.77154239116,191.9164051898468,5.436486067561287,1.8121832225625487,1191.7878373597937,183033.24801404413,763.5744983520771,0.9426988364215213,2.783163738246643,1022.542248895686,95412.80379212636,169.24558846410764,0.5212867324782727,0.8579901697612196
9,19,233.40513870584505,33543.67570609194,359.0067427171276,114449.85242984464,125.60160401128257,3.4119651475481905,1.5381269868679939,926.8435928169888,105108.2456012624,567.8368500998612,0.9183781662426481,2.581688538221348,775.9370741202388,58515.34413150896,150.90651869675003,0.5567150683257733,0.8371823251881211
9,20,220.6935830576504,23431.03098850206,307.3749711140568,62087.71307436811,86.6813880564064,2.6498071341732863,1.3927680490545262,2948.905551197139,58732.35238782626,2641.5305800830824,0.9459577343020699,9.593837587065268,2824.289018483828,51130.369828105024,124.61653271331124,0.8705656720588475,0.957741429642356
9,21,233.99156071712784,33472.493142208805,405.3510720385044,164617.29347996882,171.35951132137657,4.917987219553313,1.7323320157197162,989.906311011221,153233.71073476164,584.5552389727166,0.9308481964162996,2.4420961958556,788.2222993848621,72199.70932368883,201.68401162635882,0.471173797054763,0.796259495082588
9,22,246.8071229061272,44750.34200152312,430.5758105835098,215612.91820181863,183.7686876773826,4.8181289473604485,1.7445842142379286,992.14323068184,202065.9403702381,561.5674200983302,0.9371699156777784,2.3042242650308262,770.2380152646235,88079.83985112149,221.90521541721648,0.4358965181847866,0.7763375200728685
9,23,245.76079802504813,46564.51293547082,440.9737458785654,235810.02924129184,195.21294785351728,5.0641575391989555,1.794320938987271,921.3554612527898,222802.66535850707,480.3817153742244,0.9448396494218869,2.089365795274604,672.1597400226569,79284.76595032772,249.1957212301329,0.355851963542502,0.7295335712328711
9,24,284.9836458728342,97779.4729112161,411.23619286953743,280418.25051625154,126.25254699670324,2.867864206742776,1.443016814561492,3248.828299429508,264636.16033534973,2837.592106559971,0.943719461369412,7.900151678673336,3083.3029125197804,224249.7974337909,165.52538690972779,0.8473890988654732,0.9490507433283581
9,25,247.47117037403527,46042.44389556916,293.7275197668512,75958.8040109927,46.256349392815906,1.6497561290030154,1.186916113593768,3555.283109538618,70088.77345311496,3261.555589771767,0.9227208664708804,12.10401773848312,3546.7850541700936,69423.85394496999,8.498055368524547,0.9905131809933903,0.9976097387727788
9,26,277.4054513519641,88647.32032967896,574.6485718610944,697877.8120115767,297.24312050913034,7.872520110209451,2.0715114611500436,2029.9071201883608,646122.0352011336,1455.2585483272665,0.9258383402944689,3.5324322021965022,1717.3095273151505,352294.9790660996,312.59759287321026,0.54524526308166,0.8460039921214704
9,27,238.2794863587077,39213.95097632867,330.3256681060204,96018.77944461504,92.04618174731269,2.448587226076157,1.3862950317458116,1768.3953022291548,91116.67952069336,1438.0696341231344,0.9489464461819235,5.353490427699902,1638.3572005577569,74148.75650705211,130.03810167139795,0.8137780798982288,0.9264654788963316
9,28,227.4702190722472,29607.65897166964,426.01956448765145,167112.95068836893,198.54934541540425,5.6442473499263315,1.8728586371666642,1556.9155049929025,159960.65969467195,1130.895940505251,0.9572008574785175,3.654563392799372,1268.4118220908822,87162.62275612795,288.5036829020203,0.5449003706442654,0.8146953498909785
9,29,283.8429065057621,97048.41392563016,442.23947931186206,314202.7214127779,158.39657280609998,3.2375873927579772,1.5580430906519218,1019.796730178605,298905.55206090043,577.557250866743,0.9513143320875916,2.3059830202528264,813.9785096452883,140279.0364595437,205.81822053331666,0.4693089020673748,0.7981772107689833
9,30,218.1298993339402,22722.107855255537,403.0509316680559,120215.8435386393,184.92103233411572,5.290699450263978,1.8477564648348175,773.6938268343907,113788.64703288954,370.6428951663348,0.9465361942605847,1.9195931978928866,534.4303380689457,32510.340215397784,239.263488765445,0.28570811819215125,0.6907517153853945
10,1,237.53649584280785,37167.5548752976,465.80471014914576,340978.15471478266,228.2682143063379,9.174080884761253,1.9609816525095018,1197.3039470205786,324155.2376769224,731.4992368714328,0.9506627717780569,2.570398969639475,949.100402963912,148895.9100817939,248.2035440566666,0.4593351973852565,0.7926979655631248
10,2,275.89068344480324,78455.80757452705,421.0297091105147,285245.8866354499,145.13902566571147,3.6357523484094916,1.5260743996625354,872.4779628817408,272327.087903662,451.4482537712261,0.9547099560867696,2.072247976811363,735.7797708850873,145402.51568409006,136.69819199665358,0.5339260108253624,0.8433218971569805
10,3,286.91951513038754,97478.8316631222,521.5730353734094,692040.3902739064,234.6535202430219,7.0993915136932895,1.8178374347816184,1325.367351293191,670171.0017186084,803.7943159197815,0.968398681836125,2.5410963784665777,1061.2552320787086,301518.52470832964,264.1121192144824,0.44991281916869824,0.8007253468581506
10,4,222.00194851498847,24890.92991779426,256.3225192535201,39467.13512279848,34.32057073853164,1.5856030792398739,1.1545958085868535,3593.4584778456942,37388.25651716538,3337.135958592174,0.9473263362246879,14.019285111237236,3660.8728432025696,36314.54447368727,-67.41436535687535,0.9712821045029164,1.018760301746214
10,5,271.7988591694296,75712.4414557096,380.5658395828196,209987.0737539181,108.76698041339,2.773481738490189,1.4001745288621266,3198.184288054006,203124.11304779552,2817.6184484711866,0.9673172229917103,8.40376080932511,3076.6341702720774,175713.910581455,121.55011778192875,0.8650568755473614,0.9619940232225054
10,6,272.42012955509534,66277.35756126126,285.07375975095914,81919.15459621708,12.653630195863798,1.2360051397718723,1.0464489544753142,1002.3800377652922,78511.77257214156,717.306278014333,0.9584055519021083,3.5162129220205074,1003.740461045226,70987.6175637841,-1.3604232799337979,0.9041652638597122,1.0013571931090794
10,7,219.4643271603547,23634.08281631091,348.95078362891616,106381.7908302818,129.48645646856144,4.501202422666602,1.5900114070654878,2442.81300659573,101449.87768699929,2093.8622229668135,0.9536394987827312,7.0004514137829945,2371.464952474629,84821.78722098554,71.34805412110063,0.8360955099688147,0.9707926665166523
10,8,281.4945702277323,89893.46326358675,516.0681752900144,614162.2839090913,234.57360506228213,6.8321128323673195,1.8333148482136241,2120.486300730052,567656.3914964809,1604.4181254400373,0.924277518123379,4.108926692754118,1854.588802884609,359663.3781957114,265.8974978454428,0.6335934617904168,0.874605415864324
10,9,237.30951120983784,40216.36720885951,381.4325582556383,162704.75320814448,144.12304704580046,4.045734721964177,1.60732098899467,2183.570509905449,159277.28174464463,1802.1379516498107,0.9789344109749814,5.724656856486822,2028.1045288374144,121860.76691123589,155.46598106803458,0.7650856768550622,0.9288019414244761
10,10,243.5834039164233,42430.1191825432,436.8186142746591,247299.00991446088,193.23521035823583,5.8283835793750445,1.793302036392173,1018.7179958347326,232921.6194255423,581.8993815600735,0.9418623208645613,2.3321304599766703,824.5409832801917,103163.65040244495,194.17701255454097,0.44291144229925433,0.8093908094796801
10,11,233.9080691373685,32424.557297745632,264.44062367119085,51180.18305226065,30.53255453382235,1.578438915365516,1.1305322840995764,3030.3856867801114,47936.56597101802,2765.9450631089207,0.936623574051493,11.459607244566687,2949.801987232864,46351.72509936056,80.5836995472473,0.9669387900540136,0.9734081044869011
10,12,260.40157561719,59924.143293662746,414.3769637143263,233447.25368413443,153.97538809713626,3.895712827133943,1.5912997558950708,1440.8419700594077,217525.1139903645,1026.4650063450813,0.9317955579151368,3.477128547746037,1272.6753770915082,141427.83744830688,168.16659296789953,0.6501678581102666,0.8832858866812675
10,13,244.5666524790693,39547.00105667905,336.1712852111008,111330.39206560624,91.60463273203149,2.815141201378246,1.3745589670687883,3790.871767109202,106363.16822382578,3454.7004818981013,0.9553830382735623,11.276607889721163,3781.958757458484,97555.04614605196,8.913009650718323,0.9171882313693551,0.9976488232263485
10,14,259.03793870642176,58204.440682416105,496.2118559777866,399420.6537831616,237.17391727136487,6.862374229529,1.9155952925496513,2082.1245734385307,376036.229154074,1585.912717460744,0.9414541426248263,4.1960395511624755,1815.295120162326,230034.8850380138,266.82945327620473,0.611735963727477,0.8718475077427531
10,15,281.2383929258751,93805.43039463622,299.67117085490565,117866.19729212842,18.43277792903058,1.2564965247349686,1.0655414708399675,3408.275176466709,110851.97022849457,3108.6040056118036,0.94048991801908,11.373383588229522,3460.952190341315,111610.84685391608,-52.67701387460602,1.006845855999287,1.0154556223154538
10,16,278.55097963418643,80868.55617003138,485.104959010106,428854.13756864506,206.55397937591954,5.303101203723131,1.7415302564980435,1295.57272317788,409898.75840824656,810.4677641677741,0.9557999387207395,2.670705996948776,1092.8962476413326,216020.4224550115,202.6764755365475,0.527009213918774,0.8435622548154555
10,17,249.3925628623169,46690.239425982414,335.19572006403496,112216.79478734425,85.80315720171805,2.4034315558659847,1.3440485803463502,2290.355924904774,106573.21805904158,1955.160204840739,0.949708270147998,6.832891316354607,2207.441898284383,90013.18824332053,82.91402662039081,0.8446135894428299,0.9637986281001988
10,18,244.2142635390429,45036.23915108729,418.87662862285663,185794.59989053255,174.66236508381374,4.125446604616118,1.7152013258877086,786.9111819622491,181326.5002888461,368.03455333939246,0.975951402224182,1.87862279294355,597.8270071346633,66928.65907387574,189.0841748275858,0.3691057786217733,0.7597134477666415
10,19,237.6753450318187,37616.02270838164,276.97083777435495,55779.467154130885,39.295492742536254,1.482864565096672,1.1653326420427645,993.9275376358172,52890.04112955744,716.9566998614623,0.9481991103179719,3.5885638561181623,943.712316118686,45651.27560246325,50.215221517131226,0.8631355663089316,0.949477985450957
10,20,262.8295371031883,61544.81468824067,409.6964309467825,226869.19453016872,146.86689384359426,3.6862438481517836,1.5587914336505244,1687.4328671032315,215547.20691393063,1277.736436156449,0.9500946453321475,4.118739485241989,1582.7242898582458,165916.28045905457,104.70857724498569,0.7697445159904391,0.9379480041628346
10,21,252.9824449677001,49422.76385822073,373.9531586959538,154396.87281364563,120.97071372825368,3.124003207440291,1.4781782931368965,1877.348800771593,146511.6462499217,1503.3956420756392,0.948928845383797,5.020277960261835,1686.0923194804532,105883.7279674892,191.25648129113983,0.7226983702501792,0.8981241625357349
10,22,279.0114485012016,84042.04938508253,301.2014435576907,112270.0541988163,22.189995056489124,1.335879539114907,1.0795307689906264,4189.013160628972,105060.45683711975,3887.8117170712817,0.9357834338537928,13.907679562055712,4172.171120261195,103528.3011476059,16.842040367777372,0.985416437966863,0.9959794730353034
10,23,277.7425324064375,87555.46452905325,565.967995113156,663681.4245431554,288.22546270671853,7.580125673628607,2.0377433380816905,2013.28163106955,640918.3294549966,1447.3136359563941,0.9657017746069544,3.557235830388302,1698.779870446752,354194.589241509,314.501760622798,0.5526360738390763,0.8437865046949642
10,24,264.87890381602165,62986.61955212844,440.2283099682198,251853.91502498512,175.34940615219813,3.998530430999682,1.6619983835103436,1237.219823661332,237499.3590281029,796.9915136931122,0.9430044357441965,2.8104049549894854,1030.65731861847,121736.25545625496,206.56250504286186,0.5125750905367712,0.8330430040867136
10,25,236.57804324211537,39081.29936485083,454.76871800381247,225023.3009843249,218.1906747616971,5.757825472576474,1.9222777894836143,2155.190588469643,215521.0983489615,1700.4218704658306,0.9577723613785876,4.739091549501818,1939.1426496230629,144300.7430505905,216.0479388465801,0.6695434653777869,0.899754601749634
10,26,251.23573671866575,47904.23787001186,328.1254043609476,107595.59334290853,76.88966764228184,2.246055842384324,1.306045901934656,3405.429525043416,103480.99423906692,3077.3041206824687,0.9617586652389347,10.378439096100415,3402.718766498893,96369.1579073368,2.710758544523287,0.9312739852953095,0.9992039892399509
10,27,218.18313490823368,22657.44759459442,400.7050275593983,117807.19127287932,182.5218926511646,5.19949084207462,1.8365536260533246,727.4984429979297,112379.75442771395,326.79341543853144,0.9539294945705505,1.8155460824361367,496.19094968978834,28108.91033170212,231.30749330814137,0.2501243259948803,0.6820508751125951
10,28,279.3649241106796,85628.01665239241,370.1955515149317,176255.69830909962,90.83062740425208,2.058388191152564,1.325132540147619,1131.0656539345223,169709.33226740093,760.8701024195906,0.9628586984449244,3.055319409717167,1054.7957255022384,126429.70616552731,76.2699284322839,0.7449779247632624,0.9325680802286131
10,29,223.70718638659795,26383.08162831512,313.5089782774394,66797.24230277722,89.80179189084143,2.5318210830643983,1.401425601659712,3457.09429517361,62956.6376683353,3143.5853168961708,0.942503545026106,11.027098216352384,3433.561759156258,60294.53916133762,23.53253601735196,0.9577153640093996,0.9931929724768557
10,30,270.7715936542495,69117.522296253,356.3865800872868,136707.4836105885,85.6149864330373,1.9778990778145948,1.3161889520152539,3671.078311580943,130486.02682399382,3314.6917314936563,0.954490737286069,10.30083206466926,3592.769195656212,116005.6721434603,78.30911592473103,0.8890275454546152,0.978668633769622
